symbol,timestamp,open,high,low,close,volume,sector
AAPL,2024-01-02T16:00:00Z,50.0897,50.3608,48.7425,49.0078,1068983,TECH
MSFT,2024-01-02T16:00:00Z,67.0862,67.459,65.8641,66.2321,1159861,TECH
NVDA,2024-01-02T16:00:00Z,83.7469,83.8851,83.0996,83.2369,1480133,TECH
JPM,2024-01-02T16:00:00Z,101.055,101.2594,100.5357,100.7394,1143926,FINANCIALS
GS,2024-01-02T16:00:00Z,117.6999,117.8226,117.1892,117.3115,990698,FINANCIALS
BAC,2024-01-02T16:00:00Z,134.8377,135.367,132.4373,132.9592,1192676,FINANCIALS
XOM,2024-01-02T16:00:00Z,151.9649,152.0611,151.0258,151.1214,1021273,ENERGY
CVX,2024-01-02T16:00:00Z,168.9024,169.6025,164.8253,165.5114,941084,ENERGY
KO,2024-01-02T16:00:00Z,186.0634,186.5748,183.501,184.0067,1314124,STAPLES
PG,2024-01-02T16:00:00Z,203.0874,204.4408,202.5306,203.8819,1332210,STAPLES
AAPL,2024-01-03T16:00:00Z,48.9938,49.1403,48.8577,49.0042,1103827,TECH
MSFT,2024-01-03T16:00:00Z,66.3361,66.5155,65.92,66.0988,1198949,TECH
NVDA,2024-01-03T16:00:00Z,83.3744,83.5073,82.5613,82.6932,757273,TECH
JPM,2024-01-03T16:00:00Z,100.7363,102.7311,100.6579,102.6512,1402613,FINANCIALS
GS,2024-01-03T16:00:00Z,117.3336,117.8641,115.4564,115.9807,1137573,FINANCIALS
BAC,2024-01-03T16:00:00Z,133.133,134.3362,132.3979,133.5985,836376,FINANCIALS
XOM,2024-01-03T16:00:00Z,150.8636,151.3472,148.0314,148.5074,980073,ENERGY
CVX,2024-01-03T16:00:00Z,165.7372,167.0605,165.4922,166.8139,776156,ENERGY
KO,2024-01-03T16:00:00Z,183.9833,185.5001,183.8542,185.37,934379,STAPLES
PG,2024-01-03T16:00:00Z,203.5012,207.7865,202.2861,206.5531,1525961,STAPLES
AAPL,2024-01-04T16:00:00Z,48.9645,49.1783,48.0205,48.2311,1138445,TECH
MSFT,2024-01-04T16:00:00Z,66.1089,67.3021,66.0743,67.2668,769657,TECH
NVDA,2024-01-04T16:00:00Z,82.6651,83.2532,82.5813,83.1689,714733,TECH
JPM,2024-01-04T16:00:00Z,102.604,102.6549,100.9556,101.0056,1050681,FINANCIALS
GS,2024-01-04T16:00:00Z,116.0328,117.8336,115.3809,117.1752,931432,FINANCIALS
BAC,2024-01-04T16:00:00Z,133.7023,135.6798,133.1144,135.0858,719296,FINANCIALS
XOM,2024-01-04T16:00:00Z,148.2892,148.3888,147.9013,148.0007,747463,ENERGY
CVX,2024-01-04T16:00:00Z,166.7675,167.4764,163.4088,164.1064,874244,ENERGY
KO,2024-01-04T16:00:00Z,185.4368,185.8159,183.8201,184.1967,878384,STAPLES
PG,2024-01-04T16:00:00Z,206.3159,206.5764,204.9366,205.1957,1478994,STAPLES
AAPL,2024-01-05T16:00:00Z,48.1925,48.5968,48.0377,48.4412,1525749,TECH
MSFT,2024-01-05T16:00:00Z,67.3471,67.4441,66.7241,66.8203,1023658,TECH
NVDA,2024-01-05T16:00:00Z,83.1181,83.6697,82.4198,82.9704,1143230,TECH
JPM,2024-01-05T16:00:00Z,101.0517,102.3914,100.6502,101.9863,1245792,FINANCIALS
GS,2024-01-05T16:00:00Z,117.2226,117.6161,116.469,116.8613,1015743,FINANCIALS
BAC,2024-01-05T16:00:00Z,135.0555,136.0637,134.1363,135.1439,1526236,FINANCIALS
XOM,2024-01-05T16:00:00Z,148.2702,150.5585,148.0449,150.3301,1292940,ENERGY
CVX,2024-01-05T16:00:00Z,164.3612,164.3933,163.1792,163.211,967160,ENERGY
KO,2024-01-05T16:00:00Z,184.1157,184.3337,182.7444,182.9611,973023,STAPLES
PG,2024-01-05T16:00:00Z,205.2026,209.4567,204.4159,208.6568,732461,STAPLES
AAPL,2024-01-08T16:00:00Z,48.4319,48.8571,47.0172,47.4336,1040192,TECH
MSFT,2024-01-08T16:00:00Z,66.9652,67.1084,66.3893,66.5316,939393,TECH
NVDA,2024-01-08T16:00:00Z,82.7222,83.8888,82.388,83.5512,1022188,TECH
JPM,2024-01-08T16:00:00Z,102.0711,102.453,101.6804,102.0623,1187133,FINANCIALS
GS,2024-01-08T16:00:00Z,116.8155,117.0123,115.1524,115.3467,853749,FINANCIALS
BAC,2024-01-08T16:00:00Z,135.1686,135.6081,132.9601,133.3938,798618,FINANCIALS
XOM,2024-01-08T16:00:00Z,150.361,150.5209,148.0147,148.1723,1205083,ENERGY
CVX,2024-01-08T16:00:00Z,162.8673,164.0192,162.6034,163.7539,1506883,ENERGY
KO,2024-01-08T16:00:00Z,183.0461,183.0917,179.7809,179.8257,705628,STAPLES
PG,2024-01-08T16:00:00Z,208.7436,209.7414,208.0611,209.0578,1402939,STAPLES
AAPL,2024-01-09T16:00:00Z,47.4147,47.9931,47.3545,47.9324,1528829,TECH
MSFT,2024-01-09T16:00:00Z,66.5981,67.2234,66.3772,67.0011,888834,TECH
NVDA,2024-01-09T16:00:00Z,83.3365,84.1069,83.0751,83.8439,1119720,TECH
JPM,2024-01-09T16:00:00Z,102.2741,103.0786,100.0305,100.8235,1124091,FINANCIALS
GS,2024-01-09T16:00:00Z,115.0365,116.5506,114.3785,115.8878,1375459,FINANCIALS
BAC,2024-01-09T16:00:00Z,133.3765,134.6299,132.7988,134.0492,876976,FINANCIALS
XOM,2024-01-09T16:00:00Z,148.1712,150.1024,147.4692,149.3947,1510478,ENERGY
CVX,2024-01-09T16:00:00Z,163.85,164.3925,160.6976,161.2314,1123541,ENERGY
KO,2024-01-09T16:00:00Z,179.6565,181.0113,179.4004,180.7537,1127850,STAPLES
PG,2024-01-09T16:00:00Z,209.1662,211.4153,208.958,211.205,1398254,STAPLES
AAPL,2024-01-10T16:00:00Z,47.8949,48.6762,47.8257,48.606,1403663,TECH
MSFT,2024-01-10T16:00:00Z,67.0298,67.8076,66.9344,67.7112,1208273,TECH
NVDA,2024-01-10T16:00:00Z,83.6306,84.8281,83.4511,84.6464,1351636,TECH
JPM,2024-01-10T16:00:00Z,100.8244,101.367,100.5146,101.0565,1108899,FINANCIALS
GS,2024-01-10T16:00:00Z,115.8579,115.912,114.7253,114.7789,1273198,FINANCIALS
BAC,2024-01-10T16:00:00Z,133.9185,137.0271,133.8166,136.9228,1103352,FINANCIALS
XOM,2024-01-10T16:00:00Z,149.4663,149.9378,147.8985,148.3665,1264096,ENERGY
CVX,2024-01-10T16:00:00Z,161.1178,161.7714,159.4124,160.0617,1251231,ENERGY
KO,2024-01-10T16:00:00Z,181.0994,183.4459,180.234,182.5735,1493787,STAPLES
PG,2024-01-10T16:00:00Z,211.2674,213.9748,210.8638,213.5668,922527,STAPLES
AAPL,2024-01-11T16:00:00Z,48.7292,48.8017,48.1865,48.2583,1011572,TECH
MSFT,2024-01-11T16:00:00Z,67.6201,68.0033,67.5337,67.9165,836167,TECH
NVDA,2024-01-11T16:00:00Z,84.6579,85.0848,84.4574,84.8837,856458,TECH
JPM,2024-01-11T16:00:00Z,101.0594,104.1108,100.7096,103.7517,1129208,FINANCIALS
GS,2024-01-11T16:00:00Z,114.5505,115.5451,114.2329,115.2256,1271137,FINANCIALS
BAC,2024-01-11T16:00:00Z,136.9307,137.072,136.1933,136.334,802749,FINANCIALS
XOM,2024-01-11T16:00:00Z,148.5921,150.1891,148.3555,149.9503,1591982,ENERGY
CVX,2024-01-11T16:00:00Z,160.1596,160.5019,155.5946,155.9279,904267,ENERGY
KO,2024-01-11T16:00:00Z,183.2452,183.9161,180.2527,180.915,857545,STAPLES
PG,2024-01-11T16:00:00Z,213.3466,217.8958,213.2498,217.797,999204,STAPLES
AAPL,2024-01-12T16:00:00Z,48.2443,48.2651,47.9539,47.9745,815620,TECH
MSFT,2024-01-12T16:00:00Z,67.9828,68.2024,67.8637,68.0831,935303,TECH
NVDA,2024-01-12T16:00:00Z,84.8544,85.3924,84.6597,85.1969,1473043,TECH
JPM,2024-01-12T16:00:00Z,103.684,104.9458,103.212,104.4702,1579942,FINANCIALS
GS,2024-01-12T16:00:00Z,115.1074,115.5591,114.9462,115.3975,1420128,FINANCIALS
BAC,2024-01-12T16:00:00Z,136.2288,136.6875,136.1904,136.649,1536150,FINANCIALS
XOM,2024-01-12T16:00:00Z,150.1472,150.5204,149.9979,150.3709,1531934,ENERGY
CVX,2024-01-12T16:00:00Z,155.7537,156.6634,155.0878,155.9965,963993,ENERGY
KO,2024-01-12T16:00:00Z,180.6124,184.2315,179.3025,182.905,1457273,STAPLES
PG,2024-01-12T16:00:00Z,218.4161,222.0164,218.3288,221.9277,1068233,STAPLES
AAPL,2024-01-15T16:00:00Z,47.8929,48.0858,47.1138,47.3044,720773,TECH
MSFT,2024-01-15T16:00:00Z,68.0102,69.4374,67.748,69.1707,1015265,TECH
NVDA,2024-01-15T16:00:00Z,85.2411,85.4605,84.7115,84.9301,1536843,TECH
JPM,2024-01-15T16:00:00Z,104.3194,106.9942,104.0374,106.7057,1578735,FINANCIALS
GS,2024-01-15T16:00:00Z,115.3596,116.6907,114.7438,116.0712,1050181,FINANCIALS
BAC,2024-01-15T16:00:00Z,136.7963,138.6185,136.6031,138.423,800405,FINANCIALS
XOM,2024-01-15T16:00:00Z,150.5641,151.4849,149.7127,150.6331,1096802,ENERGY
CVX,2024-01-15T16:00:00Z,155.9243,158.9321,155.4076,158.4071,1188999,ENERGY
KO,2024-01-15T16:00:00Z,183.2821,185.5047,182.7296,184.9471,1263663,STAPLES
PG,2024-01-15T16:00:00Z,221.9024,223.2578,219.8295,221.1805,722642,STAPLES
AAPL,2024-01-16T16:00:00Z,47.3168,47.8687,47.228,47.779,1139033,TECH
MSFT,2024-01-16T16:00:00Z,69.3239,70.5422,69.2532,70.4704,924894,TECH
NVDA,2024-01-16T16:00:00Z,85.0175,85.5895,84.8945,85.4659,891145,TECH
JPM,2024-01-16T16:00:00Z,106.6909,106.8683,104.5792,104.7534,1496307,FINANCIALS
GS,2024-01-16T16:00:00Z,116.039,117.5915,115.7378,117.2871,998637,FINANCIALS
BAC,2024-01-16T16:00:00Z,138.2389,138.368,137.2026,137.3309,1003173,FINANCIALS
XOM,2024-01-16T16:00:00Z,150.7406,152.9403,150.5809,152.7785,1203723,ENERGY
CVX,2024-01-16T16:00:00Z,158.3709,167.5628,157.8926,167.0582,1488648,ENERGY
KO,2024-01-16T16:00:00Z,185.1111,185.1292,184.6206,184.6387,1001942,STAPLES
PG,2024-01-16T16:00:00Z,220.9613,223.8337,220.6969,223.5662,1528517,STAPLES
AAPL,2024-01-17T16:00:00Z,47.732,47.7724,47.3842,47.4243,1563604,TECH
MSFT,2024-01-17T16:00:00Z,70.5557,70.7028,69.4651,69.6103,813815,TECH
NVDA,2024-01-17T16:00:00Z,85.4526,85.5772,84.8601,84.984,1138861,TECH
JPM,2024-01-17T16:00:00Z,104.7767,105.07,103.6722,103.9632,1519989,FINANCIALS
GS,2024-01-17T16:00:00Z,117.0938,117.9986,117.0019,117.9061,1183607,FINANCIALS
BAC,2024-01-17T16:00:00Z,137.422,137.5522,136.5434,136.6729,1502845,FINANCIALS
XOM,2024-01-17T16:00:00Z,152.8181,152.9973,149.231,149.4061,1220421,ENERGY
CVX,2024-01-17T16:00:00Z,167.0964,167.2353,165.775,165.9128,1416975,ENERGY
KO,2024-01-17T16:00:00Z,184.7525,185.1297,183.4696,183.845,1169539,STAPLES
PG,2024-01-17T16:00:00Z,223.4816,223.57,219.8461,219.9331,838159,STAPLES
AAPL,2024-01-18T16:00:00Z,47.4239,47.6149,47.3339,47.5247,1183603,TECH
MSFT,2024-01-18T16:00:00Z,69.491,70.0861,69.3249,69.9189,1023080,TECH
NVDA,2024-01-18T16:00:00Z,84.9301,85.2899,83.6168,83.9726,707322,TECH
JPM,2024-01-18T16:00:00Z,103.8144,104.0629,103.4759,103.7242,1238610,FINANCIALS
GS,2024-01-18T16:00:00Z,117.7648,120.2531,117.5566,120.0409,1094029,FINANCIALS
BAC,2024-01-18T16:00:00Z,136.9729,137.7193,136.8119,137.5577,1154969,FINANCIALS
XOM,2024-01-18T16:00:00Z,149.3437,151.8059,149.0683,151.5265,1371357,ENERGY
CVX,2024-01-18T16:00:00Z,166.0696,166.3969,166.036,166.3632,1013315,ENERGY
KO,2024-01-18T16:00:00Z,183.0715,183.1763,182.3359,182.4404,707787,STAPLES
PG,2024-01-18T16:00:00Z,220.1637,221.8913,218.905,220.6299,1395744,STAPLES
AAPL,2024-01-19T16:00:00Z,47.4918,47.6821,46.501,46.6881,965540,TECH
MSFT,2024-01-19T16:00:00Z,69.9425,71.1271,69.743,70.9248,975099,TECH
NVDA,2024-01-19T16:00:00Z,83.9443,84.2094,83.4691,83.7336,1250941,TECH
JPM,2024-01-19T16:00:00Z,103.621,103.9058,102.6965,102.9795,1373948,FINANCIALS
GS,2024-01-19T16:00:00Z,119.8587,120.3156,119.2032,119.6594,1064180,FINANCIALS
BAC,2024-01-19T16:00:00Z,137.307,139.2508,136.598,138.5354,828346,FINANCIALS
XOM,2024-01-19T16:00:00Z,151.6395,152.4426,151.2301,152.0322,1362989,ENERGY
CVX,2024-01-19T16:00:00Z,166.2471,167.2643,166.1291,167.1456,1044172,ENERGY
KO,2024-01-19T16:00:00Z,182.4726,184.1375,181.8723,183.5337,1095811,STAPLES
PG,2024-01-19T16:00:00Z,220.9803,221.7903,219.3163,220.1232,706705,STAPLES
AAPL,2024-01-22T16:00:00Z,46.6515,47.2637,46.5298,47.1406,740743,TECH
MSFT,2024-01-22T16:00:00Z,70.9035,71.0774,70.0681,70.2404,1099393,TECH
NVDA,2024-01-22T16:00:00Z,83.6912,84.6543,83.5235,84.485,791753,TECH
JPM,2024-01-22T16:00:00Z,102.9813,102.9954,102.733,102.7472,1460222,FINANCIALS
GS,2024-01-22T16:00:00Z,119.5796,119.944,119.4613,119.8255,843667,FINANCIALS
BAC,2024-01-22T16:00:00Z,138.4275,138.6991,138.1862,138.4577,1091604,FINANCIALS
XOM,2024-01-22T16:00:00Z,152.1101,154.5799,151.4518,153.9138,915424,ENERGY
CVX,2024-01-22T16:00:00Z,167.1836,168.0293,167.0458,167.8909,1082572,ENERGY
KO,2024-01-22T16:00:00Z,183.3794,183.6983,181.4966,181.8127,1268701,STAPLES
PG,2024-01-22T16:00:00Z,220.1732,221.2984,219.1564,220.2812,989803,STAPLES
AAPL,2024-01-23T16:00:00Z,47.1266,47.2417,47.0878,47.2029,1538381,TECH
MSFT,2024-01-23T16:00:00Z,70.1294,71.0963,70.0987,71.0652,1135407,TECH
NVDA,2024-01-23T16:00:00Z,84.6631,84.9018,84.0077,84.2452,937655,TECH
JPM,2024-01-23T16:00:00Z,102.6948,103.9278,102.5569,103.7884,1536794,FINANCIALS
GS,2024-01-23T16:00:00Z,119.6759,120.6932,119.1785,120.1936,1000144,FINANCIALS
BAC,2024-01-23T16:00:00Z,138.7913,141.0618,138.4933,140.7596,1353858,FINANCIALS
XOM,2024-01-23T16:00:00Z,153.7455,155.1397,153.4291,154.8211,1101081,ENERGY
CVX,2024-01-23T16:00:00Z,167.7012,171.1025,167.1993,170.5921,1191376,ENERGY
KO,2024-01-23T16:00:00Z,181.8929,182.5039,178.4968,179.0984,1423096,STAPLES
PG,2024-01-23T16:00:00Z,220.4895,221.6553,218.095,219.2542,1478195,STAPLES
AAPL,2024-01-24T16:00:00Z,47.1629,47.3142,47.1406,47.2918,1042599,TECH
MSFT,2024-01-24T16:00:00Z,71.0162,71.4793,69.8518,70.3104,749530,TECH
NVDA,2024-01-24T16:00:00Z,84.2827,84.4501,82.5554,82.7197,1052241,TECH
JPM,2024-01-24T16:00:00Z,103.9002,104.1719,103.1396,103.41,1473275,FINANCIALS
GS,2024-01-24T16:00:00Z,119.9257,119.9502,117.897,117.9212,1522420,FINANCIALS
BAC,2024-01-24T16:00:00Z,140.9709,141.4231,138.6949,139.1412,927793,FINANCIALS
XOM,2024-01-24T16:00:00Z,154.9657,155.0929,154.6695,154.7966,1582933,ENERGY
CVX,2024-01-24T16:00:00Z,170.7672,171.7484,167.2068,168.173,1069688,ENERGY
KO,2024-01-24T16:00:00Z,179.256,179.9066,177.699,178.3463,1460481,STAPLES
PG,2024-01-24T16:00:00Z,219.1629,219.7324,217.9314,218.4991,1521655,STAPLES
AAPL,2024-01-25T16:00:00Z,47.2891,47.344,46.7192,46.7734,735670,TECH
MSFT,2024-01-25T16:00:00Z,70.4221,70.792,67.9703,68.3293,1265772,TECH
NVDA,2024-01-25T16:00:00Z,82.5808,83.747,82.335,83.4984,1104942,TECH
JPM,2024-01-25T16:00:00Z,103.3386,104.5452,102.7968,104.0,1459660,FINANCIALS
GS,2024-01-25T16:00:00Z,117.9761,118.202,117.0849,117.3096,738566,FINANCIALS
BAC,2024-01-25T16:00:00Z,139.2336,140.6921,138.9894,140.4458,1355255,FINANCIALS
XOM,2024-01-25T16:00:00Z,154.9676,155.5546,153.1227,153.705,700892,ENERGY
CVX,2024-01-25T16:00:00Z,168.4791,169.0402,166.893,167.4507,1407910,ENERGY
KO,2024-01-25T16:00:00Z,178.374,178.6723,177.3522,177.6493,851092,STAPLES
PG,2024-01-25T16:00:00Z,218.3218,220.7955,217.6027,220.0707,1526528,STAPLES
AAPL,2024-01-26T16:00:00Z,46.7386,46.77,46.3662,46.3974,1026777,TECH
MSFT,2024-01-26T16:00:00Z,68.3689,68.5742,67.1295,67.3317,761289,TECH
NVDA,2024-01-26T16:00:00Z,83.5932,83.8454,82.3278,82.5769,1106061,TECH
JPM,2024-01-26T16:00:00Z,104.1268,104.5724,103.1781,103.6215,1283517,FINANCIALS
GS,2024-01-26T16:00:00Z,117.3529,117.4846,114.8372,114.9662,1556664,FINANCIALS
BAC,2024-01-26T16:00:00Z,140.4697,140.7964,137.8085,138.1298,1246527,FINANCIALS
XOM,2024-01-26T16:00:00Z,153.3801,155.1707,152.3415,154.127,1128260,ENERGY
CVX,2024-01-26T16:00:00Z,167.2864,167.3062,166.9057,166.9254,1340461,ENERGY
KO,2024-01-26T16:00:00Z,177.7693,178.7301,175.1653,176.1172,1372385,STAPLES
PG,2024-01-26T16:00:00Z,220.2355,220.4638,219.6289,219.8569,927725,STAPLES
AAPL,2024-01-29T16:00:00Z,46.4091,46.459,46.1444,46.194,1360484,TECH
MSFT,2024-01-29T16:00:00Z,67.2962,67.6611,66.4075,66.7695,1418151,TECH
NVDA,2024-01-29T16:00:00Z,82.545,82.5489,81.8347,81.8386,948953,TECH
JPM,2024-01-29T16:00:00Z,103.7073,103.8436,102.1567,102.2912,872846,FINANCIALS
GS,2024-01-29T16:00:00Z,114.8794,115.1612,114.6002,114.882,750758,FINANCIALS
BAC,2024-01-29T16:00:00Z,138.0067,138.3014,137.2349,137.5285,979410,FINANCIALS
XOM,2024-01-29T16:00:00Z,153.989,154.6963,151.0232,151.72,820434,ENERGY
CVX,2024-01-29T16:00:00Z,166.9594,167.2902,166.0081,166.3377,1234416,ENERGY
KO,2024-01-29T16:00:00Z,176.0801,176.1634,174.4817,174.5643,1159642,STAPLES
PG,2024-01-29T16:00:00Z,219.9953,220.887,217.9837,218.8709,789277,STAPLES
AAPL,2024-01-30T16:00:00Z,46.2665,46.4825,45.8984,46.1138,1513547,TECH
MSFT,2024-01-30T16:00:00Z,66.862,67.0836,66.0162,66.2357,1447556,TECH
NVDA,2024-01-30T16:00:00Z,81.6958,81.9094,79.7175,79.9264,854689,TECH
JPM,2024-01-30T16:00:00Z,102.266,102.7322,102.2319,102.698,1259067,FINANCIALS
GS,2024-01-30T16:00:00Z,114.8806,115.465,114.7508,115.3346,998985,FINANCIALS
BAC,2024-01-30T16:00:00Z,137.7174,138.5713,137.0832,137.936,841848,FINANCIALS
XOM,2024-01-30T16:00:00Z,151.1495,155.9177,150.8823,155.6426,1566372,ENERGY
CVX,2024-01-30T16:00:00Z,166.1826,170.8427,165.3939,170.0357,1094057,ENERGY
KO,2024-01-30T16:00:00Z,174.5565,175.9948,174.5252,175.9633,1048018,STAPLES
PG,2024-01-30T16:00:00Z,218.5781,221.6589,217.8592,220.9323,1454152,STAPLES
AAPL,2024-01-31T16:00:00Z,46.1272,46.4408,45.713,46.026,1203243,TECH
MSFT,2024-01-31T16:00:00Z,66.1151,66.8358,65.1731,65.8913,1098161,TECH
NVDA,2024-01-31T16:00:00Z,79.9167,80.0194,78.7291,78.8304,867992,TECH
JPM,2024-01-31T16:00:00Z,102.7587,105.6018,102.4673,105.3031,989630,FINANCIALS
GS,2024-01-31T16:00:00Z,115.3499,115.5792,115.1669,115.3961,883333,FINANCIALS
BAC,2024-01-31T16:00:00Z,138.0702,139.1959,138.0556,139.1811,1097233,FINANCIALS
XOM,2024-01-31T16:00:00Z,155.8009,158.3635,155.5276,158.0862,1064793,ENERGY
CVX,2024-01-31T16:00:00Z,170.2022,170.9523,169.4144,170.1643,992240,ENERGY
KO,2024-01-31T16:00:00Z,176.1279,176.5317,173.5384,173.9372,1538209,STAPLES
PG,2024-01-31T16:00:00Z,220.5862,223.1337,219.4665,222.0068,1365411,STAPLES
AAPL,2024-02-01T16:00:00Z,45.9999,46.1313,44.6467,44.7746,863957,TECH
MSFT,2024-02-01T16:00:00Z,65.9056,65.9489,64.0709,64.1129,1166612,TECH
NVDA,2024-02-01T16:00:00Z,78.8865,79.8202,77.4506,78.3783,1131816,TECH
JPM,2024-02-01T16:00:00Z,105.0958,105.9054,104.9472,105.7559,1513476,FINANCIALS
GS,2024-02-01T16:00:00Z,115.2285,115.9513,113.1197,113.8338,1155787,FINANCIALS
BAC,2024-02-01T16:00:00Z,139.1601,139.7846,136.7263,137.3426,1199380,FINANCIALS
XOM,2024-02-01T16:00:00Z,158.3346,158.53,157.3506,157.5451,804459,ENERGY
CVX,2024-02-01T16:00:00Z,170.5551,170.9797,166.7981,167.2144,1462422,ENERGY
KO,2024-02-01T16:00:00Z,173.5855,173.8709,172.5514,172.8355,1041980,STAPLES
PG,2024-02-01T16:00:00Z,221.9939,222.2171,218.4528,218.6726,916801,STAPLES
AAPL,2024-02-02T16:00:00Z,44.773,44.786,44.4258,44.4387,1080988,TECH
MSFT,2024-02-02T16:00:00Z,64.2832,65.7919,63.8398,65.3412,825495,TECH
NVDA,2024-02-02T16:00:00Z,78.5263,78.7677,77.9147,78.155,1311833,TECH
JPM,2024-02-02T16:00:00Z,105.7906,107.0838,105.7713,107.0643,1178744,FINANCIALS
GS,2024-02-02T16:00:00Z,113.8715,115.0858,113.2463,114.4573,1003286,FINANCIALS
BAC,2024-02-02T16:00:00Z,137.5257,140.2373,137.3666,140.0754,992738,FINANCIALS
XOM,2024-02-02T16:00:00Z,157.7903,160.6972,157.4518,160.3532,1388042,ENERGY
CVX,2024-02-02T16:00:00Z,166.9286,167.3128,166.649,167.0331,1557392,ENERGY
KO,2024-02-02T16:00:00Z,172.7702,172.8668,171.7491,171.8451,1045884,STAPLES
PG,2024-02-02T16:00:00Z,218.4116,218.5032,217.6737,217.765,1335604,STAPLES
AAPL,2024-02-05T16:00:00Z,44.4588,44.5641,44.0798,44.1844,1181694,TECH
MSFT,2024-02-05T16:00:00Z,65.4291,65.5292,63.575,63.6724,1585858,TECH
NVDA,2024-02-05T16:00:00Z,78.0351,78.2137,76.0295,76.2039,1122915,TECH
JPM,2024-02-05T16:00:00Z,107.115,107.5277,104.0048,104.4071,925326,FINANCIALS
GS,2024-02-05T16:00:00Z,114.4695,114.488,113.6205,113.6388,1035972,FINANCIALS
BAC,2024-02-05T16:00:00Z,140.062,140.0831,136.8483,136.8688,964485,FINANCIALS
XOM,2024-02-05T16:00:00Z,160.1852,160.3215,159.106,159.2416,987264,ENERGY
CVX,2024-02-05T16:00:00Z,166.668,167.4842,165.1328,165.9455,864234,ENERGY
KO,2024-02-05T16:00:00Z,172.0306,173.2532,171.503,172.7234,1597934,STAPLES
PG,2024-02-05T16:00:00Z,217.7876,222.0701,216.326,220.5896,799499,STAPLES
AAPL,2024-02-06T16:00:00Z,44.237,44.2758,42.943,42.9807,1258379,TECH
MSFT,2024-02-06T16:00:00Z,63.6684,63.7897,63.309,63.4298,1362393,TECH
NVDA,2024-02-06T16:00:00Z,76.0813,76.1541,74.5747,74.6461,841743,TECH
JPM,2024-02-06T16:00:00Z,104.3684,104.4374,102.3172,102.3848,1237149,FINANCIALS
GS,2024-02-06T16:00:00Z,113.6239,113.9441,111.8409,112.157,804280,FINANCIALS
BAC,2024-02-06T16:00:00Z,136.9621,137.2215,136.4647,136.7237,1254891,FINANCIALS
XOM,2024-02-06T16:00:00Z,158.9584,159.1183,157.6268,157.7856,938515,ENERGY
CVX,2024-02-06T16:00:00Z,166.049,166.2412,161.1957,161.3825,890629,ENERGY
KO,2024-02-06T16:00:00Z,172.6575,172.8711,172.3809,172.5944,955285,STAPLES
PG,2024-02-06T16:00:00Z,220.5205,220.5502,219.9374,219.9671,906536,STAPLES
AAPL,2024-02-07T16:00:00Z,42.9004,43.469,42.746,43.3131,1358874,TECH
MSFT,2024-02-07T16:00:00Z,63.3376,63.9405,63.2437,63.8458,1169589,TECH
NVDA,2024-02-07T16:00:00Z,74.6339,75.0267,73.2514,73.6389,769286,TECH
JPM,2024-02-07T16:00:00Z,102.4089,102.4896,102.3443,102.4249,1316058,FINANCIALS
GS,2024-02-07T16:00:00Z,112.4004,113.3786,111.8013,112.7775,1017293,FINANCIALS
BAC,2024-02-07T16:00:00Z,136.7333,137.8954,136.5208,137.6815,1403499,FINANCIALS
XOM,2024-02-07T16:00:00Z,157.8685,159.7331,157.6495,159.5118,1383557,ENERGY
CVX,2024-02-07T16:00:00Z,161.4529,166.7985,161.0216,166.3541,1595971,ENERGY
KO,2024-02-07T16:00:00Z,172.7147,172.854,172.6138,172.7531,992392,STAPLES
PG,2024-02-07T16:00:00Z,220.3679,220.4853,218.5081,218.6246,754438,STAPLES
AAPL,2024-02-08T16:00:00Z,43.287,43.3441,42.325,42.3809,1314295,TECH
MSFT,2024-02-08T16:00:00Z,63.9043,63.9427,62.8236,62.8614,1059797,TECH
NVDA,2024-02-08T16:00:00Z,73.5837,74.3168,73.313,74.0444,879010,TECH
JPM,2024-02-08T16:00:00Z,102.309,102.5132,102.1449,102.349,980280,FINANCIALS
GS,2024-02-08T16:00:00Z,112.6114,112.9738,111.5462,111.9063,1394407,FINANCIALS
BAC,2024-02-08T16:00:00Z,137.719,138.8477,137.2417,138.3681,1188689,FINANCIALS
XOM,2024-02-08T16:00:00Z,159.5395,159.5736,155.664,155.6973,1410598,ENERGY
CVX,2024-02-08T16:00:00Z,166.5869,167.173,165.9364,166.5224,1585706,ENERGY
KO,2024-02-08T16:00:00Z,172.8044,173.9424,169.4234,170.5464,967548,STAPLES
PG,2024-02-08T16:00:00Z,218.3309,221.6874,218.2077,221.5624,1192006,STAPLES
AAPL,2024-02-09T16:00:00Z,42.386,42.836,42.2637,42.7127,810045,TECH
MSFT,2024-02-09T16:00:00Z,62.7687,64.3221,62.5567,64.1056,1215921,TECH
NVDA,2024-02-09T16:00:00Z,74.1381,74.2669,73.9811,74.1099,888131,TECH
JPM,2024-02-09T16:00:00Z,102.3798,102.7322,101.2827,101.6326,1516555,FINANCIALS
GS,2024-02-09T16:00:00Z,111.9408,112.8533,108.9465,109.842,936367,FINANCIALS
BAC,2024-02-09T16:00:00Z,138.2563,138.8916,137.9158,138.5503,798166,FINANCIALS
XOM,2024-02-09T16:00:00Z,155.7647,159.0504,155.2279,158.5041,1292935,ENERGY
CVX,2024-02-09T16:00:00Z,166.5102,168.8309,165.0799,167.393,990245,ENERGY
KO,2024-02-09T16:00:00Z,170.6008,171.2965,170.471,171.1663,746009,STAPLES
PG,2024-02-09T16:00:00Z,221.742,221.9611,218.5732,218.7894,1426295,STAPLES
AAPL,2024-02-12T16:00:00Z,42.7396,42.903,42.38,42.5426,781332,TECH
MSFT,2024-02-12T16:00:00Z,64.0765,64.203,63.9077,64.0341,815232,TECH
NVDA,2024-02-12T16:00:00Z,74.1182,74.2669,72.1807,72.3259,878017,TECH
JPM,2024-02-12T16:00:00Z,101.5285,102.591,101.3644,102.4255,725529,FINANCIALS
GS,2024-02-12T16:00:00Z,109.8294,110.3406,109.7109,110.2217,754991,FINANCIALS
BAC,2024-02-12T16:00:00Z,138.2568,138.424,137.7043,137.8711,1262515,FINANCIALS
XOM,2024-02-12T16:00:00Z,158.5776,158.744,155.6814,155.8449,1579245,ENERGY
CVX,2024-02-12T16:00:00Z,167.225,168.9781,167.0622,168.8138,833576,ENERGY
KO,2024-02-12T16:00:00Z,171.2929,171.7419,170.7077,171.1564,1329038,STAPLES
PG,2024-02-12T16:00:00Z,218.3843,219.9333,218.1811,219.7289,1159209,STAPLES
AAPL,2024-02-13T16:00:00Z,42.5969,43.0042,42.5731,42.9802,1494219,TECH
MSFT,2024-02-13T16:00:00Z,64.0481,64.936,63.7257,64.6107,1360786,TECH
NVDA,2024-02-13T16:00:00Z,72.2191,73.4852,71.9519,73.2142,833761,TECH
JPM,2024-02-13T16:00:00Z,102.1567,103.3881,101.8911,103.12,1579376,FINANCIALS
GS,2024-02-13T16:00:00Z,110.1113,111.33,109.6055,110.8209,1425615,FINANCIALS
BAC,2024-02-13T16:00:00Z,138.1974,138.3947,137.7593,137.9563,1403348,FINANCIALS
XOM,2024-02-13T16:00:00Z,155.8622,156.1472,155.6611,155.946,773312,ENERGY
CVX,2024-02-13T16:00:00Z,168.7999,169.3017,168.0086,168.5096,1029279,ENERGY
KO,2024-02-13T16:00:00Z,171.2153,172.5645,170.4523,171.7989,1288691,STAPLES
PG,2024-02-13T16:00:00Z,220.3239,220.3474,219.993,220.0165,1462396,STAPLES
AAPL,2024-02-14T16:00:00Z,43.0042,44.0939,42.7787,43.8638,1513215,TECH
MSFT,2024-02-14T16:00:00Z,64.7125,64.8235,64.3581,64.4687,756454,TECH
NVDA,2024-02-14T16:00:00Z,73.278,73.3041,72.5297,72.5556,1155350,TECH
JPM,2024-02-14T16:00:00Z,102.987,105.485,102.9185,105.4149,1524101,FINANCIALS
GS,2024-02-14T16:00:00Z,110.8096,111.0923,110.7477,111.0303,767028,FINANCIALS
BAC,2024-02-14T16:00:00Z,137.9071,138.2702,136.3176,136.6775,1408581,FINANCIALS
XOM,2024-02-14T16:00:00Z,156.4031,156.8679,156.0104,156.475,1310215,ENERGY
CVX,2024-02-14T16:00:00Z,168.5325,170.6151,168.172,170.2509,805184,ENERGY
KO,2024-02-14T16:00:00Z,171.6126,174.0875,170.9472,173.4152,854174,STAPLES
PG,2024-02-14T16:00:00Z,220.1001,221.8572,219.3895,221.1433,1510149,STAPLES
AAPL,2024-02-15T16:00:00Z,43.9879,44.0658,43.6512,43.7287,1395866,TECH
MSFT,2024-02-15T16:00:00Z,64.5546,64.672,63.8997,64.016,1256591,TECH
NVDA,2024-02-15T16:00:00Z,72.3584,72.4624,71.3386,71.4412,1385140,TECH
JPM,2024-02-15T16:00:00Z,105.4326,107.3174,105.4312,107.316,1559775,FINANCIALS
GS,2024-02-15T16:00:00Z,110.9921,111.34,108.953,109.2956,791747,FINANCIALS
BAC,2024-02-15T16:00:00Z,136.7872,138.0679,136.0934,137.3711,895115,FINANCIALS
XOM,2024-02-15T16:00:00Z,156.606,156.9515,155.9874,156.3322,1534540,ENERGY
CVX,2024-02-15T16:00:00Z,170.4976,172.7391,170.1899,172.428,850489,ENERGY
KO,2024-02-15T16:00:00Z,173.322,173.83,171.7667,172.2716,1137201,STAPLES
PG,2024-02-15T16:00:00Z,220.8916,225.5417,219.5714,224.2017,795455,STAPLES
AAPL,2024-02-16T16:00:00Z,43.7953,43.8683,42.5071,42.5781,1548877,TECH
MSFT,2024-02-16T16:00:00Z,63.9282,64.0553,63.5023,63.6287,715329,TECH
NVDA,2024-02-16T16:00:00Z,71.6435,71.7197,71.3552,71.4312,1190282,TECH
JPM,2024-02-16T16:00:00Z,107.2983,107.3504,105.2707,105.3218,887604,FINANCIALS
GS,2024-02-16T16:00:00Z,109.1926,109.6137,106.1529,106.5638,872686,FINANCIALS
BAC,2024-02-16T16:00:00Z,137.3733,137.7375,134.5493,134.907,1379624,FINANCIALS
XOM,2024-02-16T16:00:00Z,156.6207,157.1901,154.1074,154.6698,1436167,ENERGY
CVX,2024-02-16T16:00:00Z,172.3622,172.5379,168.1391,168.3106,1522165,ENERGY
KO,2024-02-16T16:00:00Z,172.5695,174.0937,169.0233,170.5295,996041,STAPLES
PG,2024-02-16T16:00:00Z,224.2699,224.3003,222.9926,223.0229,1303948,STAPLES
AAPL,2024-02-19T16:00:00Z,42.6288,42.6499,42.313,42.334,832377,TECH
MSFT,2024-02-19T16:00:00Z,63.7274,63.8473,62.9958,63.1146,871797,TECH
NVDA,2024-02-19T16:00:00Z,71.303,71.5781,70.8768,71.1513,1557827,TECH
JPM,2024-02-19T16:00:00Z,105.1893,105.5637,103.8749,104.2459,941151,FINANCIALS
GS,2024-02-19T16:00:00Z,106.5888,107.0025,106.0799,106.4933,720249,FINANCIALS
BAC,2024-02-19T16:00:00Z,134.8226,135.1911,133.6933,134.0597,1199002,FINANCIALS
XOM,2024-02-19T16:00:00Z,154.2373,155.9164,153.7774,155.453,1078444,ENERGY
CVX,2024-02-19T16:00:00Z,167.9215,168.2936,166.8939,167.2644,1307016,ENERGY
KO,2024-02-19T16:00:00Z,170.6725,171.3438,170.5488,171.2196,1058957,STAPLES
PG,2024-02-19T16:00:00Z,222.9746,223.8857,222.081,222.992,790575,STAPLES
AAPL,2024-02-20T16:00:00Z,42.3942,42.399,42.2,42.2048,761754,TECH
MSFT,2024-02-20T16:00:00Z,63.1535,63.5103,61.7041,62.0547,1296358,TECH
NVDA,2024-02-20T16:00:00Z,71.1357,72.499,70.9621,72.3226,1437344,TECH
JPM,2024-02-20T16:00:00Z,104.3646,104.9169,102.0188,102.5615,1263127,FINANCIALS
GS,2024-02-20T16:00:00Z,106.4717,106.71,106.2478,106.486,994978,FINANCIALS
BAC,2024-02-20T16:00:00Z,133.6519,133.6615,133.0502,133.0598,768594,FINANCIALS
XOM,2024-02-20T16:00:00Z,155.3904,156.864,155.3544,156.8276,1241427,ENERGY
CVX,2024-02-20T16:00:00Z,166.8619,174.1468,166.2898,173.5516,777536,ENERGY
KO,2024-02-20T16:00:00Z,171.3246,175.6895,170.7134,175.0649,1125848,STAPLES
PG,2024-02-20T16:00:00Z,223.23,228.3617,222.6507,227.7706,949253,STAPLES
AAPL,2024-02-21T16:00:00Z,42.2231,43.2275,41.9489,42.9485,1435417,TECH
MSFT,2024-02-21T16:00:00Z,62.0827,62.4173,61.4915,61.8247,741293,TECH
NVDA,2024-02-21T16:00:00Z,72.3627,74.7774,72.0411,74.4466,1117695,TECH
JPM,2024-02-21T16:00:00Z,102.6235,102.8005,101.6869,101.8626,1314849,FINANCIALS
GS,2024-02-21T16:00:00Z,106.2101,108.5566,105.7346,108.0728,903994,FINANCIALS
BAC,2024-02-21T16:00:00Z,133.224,133.7135,132.5518,133.0407,782403,FINANCIALS
XOM,2024-02-21T16:00:00Z,156.6239,157.2463,156.2122,156.834,1494008,ENERGY
CVX,2024-02-21T16:00:00Z,173.535,177.9762,173.4706,177.9102,1458132,ENERGY
KO,2024-02-21T16:00:00Z,175.3575,175.991,175.1529,175.7859,1347268,STAPLES
PG,2024-02-21T16:00:00Z,227.1731,230.3442,226.6892,229.8546,956789,STAPLES
AAPL,2024-02-22T16:00:00Z,43.0188,43.2418,42.0821,42.3013,1220278,TECH
MSFT,2024-02-22T16:00:00Z,61.8059,61.9414,61.2105,61.3451,1482688,TECH
NVDA,2024-02-22T16:00:00Z,74.577,75.6522,74.1453,75.2169,925952,TECH
JPM,2024-02-22T16:00:00Z,101.8353,102.1621,100.5432,100.8669,888260,FINANCIALS
GS,2024-02-22T16:00:00Z,107.8388,108.1366,107.1444,107.4411,1404968,FINANCIALS
BAC,2024-02-22T16:00:00Z,133.2181,133.5664,131.7085,132.0536,1568126,FINANCIALS
XOM,2024-02-22T16:00:00Z,156.7195,158.9009,156.6469,158.8273,947900,ENERGY
CVX,2024-02-22T16:00:00Z,177.8944,178.4393,173.9218,174.4562,769017,ENERGY
KO,2024-02-22T16:00:00Z,175.7828,176.9608,175.5724,176.7492,710544,STAPLES
PG,2024-02-22T16:00:00Z,229.1973,230.1545,224.6985,225.6409,1298597,STAPLES
AAPL,2024-02-23T16:00:00Z,42.3444,42.9416,42.2048,42.8004,1057792,TECH
MSFT,2024-02-23T16:00:00Z,61.236,61.8473,61.2266,61.8379,906220,TECH
NVDA,2024-02-23T16:00:00Z,75.2083,75.732,74.9547,75.4775,1421966,TECH
JPM,2024-02-23T16:00:00Z,100.8199,101.2222,99.3889,99.7871,1113974,FINANCIALS
GS,2024-02-23T16:00:00Z,107.3951,108.3857,107.391,108.3816,971053,FINANCIALS
BAC,2024-02-23T16:00:00Z,132.0745,132.6999,131.4806,132.1058,1437235,FINANCIALS
XOM,2024-02-23T16:00:00Z,158.5844,163.2423,158.0102,162.6534,1061623,ENERGY
CVX,2024-02-23T16:00:00Z,174.5523,175.6665,173.6027,174.7161,1526814,ENERGY
KO,2024-02-23T16:00:00Z,176.3788,176.4018,176.2487,176.2718,1196045,STAPLES
PG,2024-02-23T16:00:00Z,225.8198,228.1427,224.9708,227.2882,983740,STAPLES
AAPL,2024-02-26T16:00:00Z,42.7616,43.3587,42.7097,43.3062,935383,TECH
MSFT,2024-02-26T16:00:00Z,61.8883,62.3566,61.6163,62.0838,784935,TECH
NVDA,2024-02-26T16:00:00Z,75.4331,76.0648,74.161,74.7873,720503,TECH
JPM,2024-02-26T16:00:00Z,99.7713,100.7854,99.7326,100.7463,928630,FINANCIALS
GS,2024-02-26T16:00:00Z,108.2757,108.5132,107.2745,107.5103,1259838,FINANCIALS
BAC,2024-02-26T16:00:00Z,132.1425,134.0057,131.9626,133.8235,1522785,FINANCIALS
XOM,2024-02-26T16:00:00Z,162.4481,162.9956,159.9543,160.4952,1097519,ENERGY
CVX,2024-02-26T16:00:00Z,174.9348,175.0408,170.3388,170.4421,702185,ENERGY
KO,2024-02-26T16:00:00Z,175.9422,177.8528,174.4998,176.4065,1272787,STAPLES
PG,2024-02-26T16:00:00Z,227.6575,228.5122,224.7476,225.5946,833198,STAPLES
AAPL,2024-02-27T16:00:00Z,43.2872,43.4974,42.7166,42.925,1131234,TECH
MSFT,2024-02-27T16:00:00Z,62.0729,62.3392,60.1436,60.4028,1127985,TECH
NVDA,2024-02-27T16:00:00Z,74.724,74.791,72.7053,72.7706,1194331,TECH
JPM,2024-02-27T16:00:00Z,100.5387,100.6013,98.948,99.0096,1184241,FINANCIALS
GS,2024-02-27T16:00:00Z,107.4891,107.7791,106.8129,107.1018,969719,FINANCIALS
BAC,2024-02-27T16:00:00Z,133.8487,134.1323,130.6585,130.9359,1334109,FINANCIALS
XOM,2024-02-27T16:00:00Z,160.5415,160.8624,159.3755,159.6946,1597321,ENERGY
CVX,2024-02-27T16:00:00Z,169.9885,173.7064,169.603,173.3133,837940,ENERGY
KO,2024-02-27T16:00:00Z,176.0849,178.1224,176.0602,178.0973,1327438,STAPLES
PG,2024-02-27T16:00:00Z,225.7516,232.6107,225.3753,232.2236,1236241,STAPLES
AAPL,2024-02-28T16:00:00Z,42.8632,43.4501,42.6627,43.2478,895971,TECH
MSFT,2024-02-28T16:00:00Z,60.5536,60.6278,59.5487,59.6217,1188993,TECH
NVDA,2024-02-28T16:00:00Z,72.644,73.0627,72.6331,73.0518,1021479,TECH
JPM,2024-02-28T16:00:00Z,99.0169,99.0229,96.7735,96.7793,1030758,FINANCIALS
GS,2024-02-28T16:00:00Z,106.9522,108.2145,106.8171,108.078,885748,FINANCIALS
BAC,2024-02-28T16:00:00Z,131.0175,131.2353,129.0889,129.3039,1058723,FINANCIALS
XOM,2024-02-28T16:00:00Z,159.7642,160.0313,159.2661,159.5328,1312103,ENERGY
CVX,2024-02-28T16:00:00Z,173.4645,176.1275,172.9851,175.6421,1278945,ENERGY
KO,2024-02-28T16:00:00Z,178.1913,180.4499,178.0745,180.3318,1582825,STAPLES
PG,2024-02-28T16:00:00Z,231.8199,232.2387,230.0384,230.4548,906812,STAPLES
AAPL,2024-02-29T16:00:00Z,43.3065,43.3646,42.9766,43.0344,1222286,TECH
MSFT,2024-02-29T16:00:00Z,59.6251,59.7065,58.3651,58.4449,827329,TECH
NVDA,2024-02-29T16:00:00Z,73.0551,73.1839,72.9423,73.071,1513744,TECH
JPM,2024-02-29T16:00:00Z,96.8998,97.0451,96.6959,96.8412,1504461,FINANCIALS
GS,2024-02-29T16:00:00Z,108.213,108.6508,108.1147,108.5522,1186885,FINANCIALS
BAC,2024-02-29T16:00:00Z,128.9988,129.3574,128.3909,128.7488,1359662,FINANCIALS
XOM,2024-02-29T16:00:00Z,159.5883,160.8278,158.8371,160.0744,871383,ENERGY
CVX,2024-02-29T16:00:00Z,175.6652,176.4452,175.4122,176.1915,1033905,ENERGY
KO,2024-02-29T16:00:00Z,180.7831,181.4435,180.3534,181.0133,1117659,STAPLES
PG,2024-02-29T16:00:00Z,230.5324,231.2026,230.4523,231.1223,820413,STAPLES
AAPL,2024-03-01T16:00:00Z,43.0739,43.0876,42.691,42.7046,952431,TECH
MSFT,2024-03-01T16:00:00Z,58.4414,59.0938,57.2701,57.9167,783797,TECH
NVDA,2024-03-01T16:00:00Z,72.9749,73.034,72.3492,72.4078,805971,TECH
JPM,2024-03-01T16:00:00Z,96.6716,98.9996,96.244,98.5637,1156236,FINANCIALS
GS,2024-03-01T16:00:00Z,108.5931,111.4013,107.1508,109.941,981759,FINANCIALS
BAC,2024-03-01T16:00:00Z,128.7609,129.7079,127.4538,128.3981,745951,FINANCIALS
XOM,2024-03-01T16:00:00Z,159.8327,163.6343,159.7452,163.5448,1270643,ENERGY
CVX,2024-03-01T16:00:00Z,176.2017,176.8058,176.0533,176.657,1045849,ENERGY
KO,2024-03-01T16:00:00Z,181.2214,181.5841,180.5228,180.8848,1392177,STAPLES
PG,2024-03-01T16:00:00Z,231.1806,231.7079,229.8376,230.363,1137480,STAPLES
AAPL,2024-03-04T16:00:00Z,42.7691,43.1545,42.7062,43.0911,1561540,TECH
MSFT,2024-03-04T16:00:00Z,57.9517,58.6,57.6698,58.3163,984085,TECH
NVDA,2024-03-04T16:00:00Z,72.4961,72.8109,72.2744,72.5889,757114,TECH
JPM,2024-03-04T16:00:00Z,98.5526,99.3982,98.2544,99.0983,1585058,FINANCIALS
GS,2024-03-04T16:00:00Z,109.7666,110.385,109.7592,110.3775,887568,FINANCIALS
BAC,2024-03-04T16:00:00Z,128.4028,129.2539,127.1103,127.9585,1506787,FINANCIALS
XOM,2024-03-04T16:00:00Z,163.3455,168.6057,163.1166,168.3697,1056642,ENERGY
CVX,2024-03-04T16:00:00Z,176.9641,177.2876,176.1203,176.4428,1218794,ENERGY
KO,2024-03-04T16:00:00Z,180.5212,182.9745,179.6785,182.1244,1010704,STAPLES
PG,2024-03-04T16:00:00Z,230.4358,230.6389,226.8909,227.091,1081499,STAPLES
AAPL,2024-03-05T16:00:00Z,43.0753,43.2921,42.8517,43.0685,1547347,TECH
MSFT,2024-03-05T16:00:00Z,58.2844,58.7458,57.7159,58.1764,1252327,TECH
NVDA,2024-03-05T16:00:00Z,72.4762,72.6008,72.3422,72.4668,1292461,TECH
JPM,2024-03-05T16:00:00Z,98.8382,100.8426,98.3627,100.3598,951052,FINANCIALS
GS,2024-03-05T16:00:00Z,110.3773,111.9239,109.5648,111.106,787731,FINANCIALS
BAC,2024-03-05T16:00:00Z,127.6423,128.217,126.6528,127.2256,1302683,FINANCIALS
XOM,2024-03-05T16:00:00Z,168.1628,171.1702,167.9629,170.967,1190806,ENERGY
CVX,2024-03-05T16:00:00Z,176.4386,178.233,175.6021,177.3919,828018,ENERGY
KO,2024-03-05T16:00:00Z,182.1411,182.957,181.3315,182.1473,832629,STAPLES
PG,2024-03-05T16:00:00Z,226.9565,228.4303,226.4417,227.9133,1091915,STAPLES
AAPL,2024-03-06T16:00:00Z,43.1128,43.2528,42.3381,42.4761,912665,TECH
MSFT,2024-03-06T16:00:00Z,58.0782,59.706,57.7677,59.3885,1534038,TECH
NVDA,2024-03-06T16:00:00Z,72.4179,73.1248,72.1809,72.8863,1418672,TECH
JPM,2024-03-06T16:00:00Z,100.4254,100.7174,98.8292,99.1174,1538861,FINANCIALS
GS,2024-03-06T16:00:00Z,111.1639,111.8329,110.8906,111.5587,1529608,FINANCIALS
BAC,2024-03-06T16:00:00Z,127.2034,130.0526,126.7086,129.5486,930986,FINANCIALS
XOM,2024-03-06T16:00:00Z,170.8193,171.4493,167.3223,167.9416,1487294,ENERGY
CVX,2024-03-06T16:00:00Z,177.735,178.4097,174.3895,175.054,1551856,ENERGY
KO,2024-03-06T16:00:00Z,182.6833,183.833,181.1488,182.2961,1123283,STAPLES
PG,2024-03-06T16:00:00Z,227.6282,229.8528,227.6248,229.8493,1593583,STAPLES
AAPL,2024-03-07T16:00:00Z,42.4831,42.6138,42.1449,42.275,812181,TECH
MSFT,2024-03-07T16:00:00Z,59.4808,59.8242,58.5364,58.8764,811267,TECH
NVDA,2024-03-07T16:00:00Z,72.87,72.9754,72.565,72.6702,1221395,TECH
JPM,2024-03-07T16:00:00Z,99.2885,99.6271,98.0193,98.3547,972113,FINANCIALS
GS,2024-03-07T16:00:00Z,111.4501,111.9642,110.7994,111.3129,1488501,FINANCIALS
BAC,2024-03-07T16:00:00Z,129.6297,130.0776,127.6453,128.0879,1487178,FINANCIALS
XOM,2024-03-07T16:00:00Z,167.9796,168.2457,167.9175,168.1835,1139649,ENERGY
CVX,2024-03-07T16:00:00Z,175.3145,176.0588,171.5924,172.324,855477,ENERGY
KO,2024-03-07T16:00:00Z,182.3972,182.7171,181.3377,181.6563,838845,STAPLES
PG,2024-03-07T16:00:00Z,230.1261,232.4694,228.9606,231.298,1026367,STAPLES
AAPL,2024-03-08T16:00:00Z,42.205,42.973,42.0303,42.7958,1478589,TECH
MSFT,2024-03-08T16:00:00Z,58.8187,59.5691,58.8118,59.5621,1147919,TECH
NVDA,2024-03-08T16:00:00Z,72.7897,73.0231,71.9123,72.1436,1359876,TECH
JPM,2024-03-08T16:00:00Z,98.2342,99.1676,98.0837,99.0159,976603,FINANCIALS
GS,2024-03-08T16:00:00Z,111.3259,112.5162,111.0874,112.2756,1314201,FINANCIALS
BAC,2024-03-08T16:00:00Z,128.077,128.423,126.5587,126.9016,710899,FINANCIALS
XOM,2024-03-08T16:00:00Z,168.2782,169.6621,167.1574,168.5395,838528,ENERGY
CVX,2024-03-08T16:00:00Z,172.1509,175.5692,171.7116,175.1223,780892,ENERGY
KO,2024-03-08T16:00:00Z,181.6017,184.3015,180.8765,183.5685,853530,STAPLES
PG,2024-03-08T16:00:00Z,231.2121,233.9797,230.5974,233.3593,919939,STAPLES
AAPL,2024-03-11T16:00:00Z,42.8451,42.92,42.5558,42.6304,779377,TECH
MSFT,2024-03-11T16:00:00Z,59.4563,59.8245,58.1959,58.5585,919784,TECH
NVDA,2024-03-11T16:00:00Z,72.1763,73.0894,71.8995,72.8102,1131327,TECH
JPM,2024-03-11T16:00:00Z,98.9587,99.3242,95.8442,96.1995,1392103,FINANCIALS
GS,2024-03-11T16:00:00Z,112.1211,112.2141,110.0358,110.1271,1065675,FINANCIALS
BAC,2024-03-11T16:00:00Z,126.8377,127.1191,123.4012,123.6756,1127488,FINANCIALS
XOM,2024-03-11T16:00:00Z,168.7841,169.559,166.2394,167.0061,874553,ENERGY
CVX,2024-03-11T16:00:00Z,175.4938,176.0551,173.3695,173.9257,1210703,ENERGY
KO,2024-03-11T16:00:00Z,183.9941,185.179,183.3708,184.5538,1250824,STAPLES
PG,2024-03-11T16:00:00Z,233.5148,235.562,232.5221,234.5648,1456112,STAPLES
AAPL,2024-03-12T16:00:00Z,42.7143,42.7898,42.3402,42.4152,1132361,TECH
MSFT,2024-03-12T16:00:00Z,58.5145,58.9047,58.5052,58.8954,1529042,TECH
NVDA,2024-03-12T16:00:00Z,72.7946,73.4162,70.9947,71.6062,718175,TECH
JPM,2024-03-12T16:00:00Z,96.2087,96.3126,95.6576,95.7611,1161982,FINANCIALS
GS,2024-03-12T16:00:00Z,109.9618,110.1248,108.8287,108.9902,1384298,FINANCIALS
BAC,2024-03-12T16:00:00Z,123.5605,126.6337,122.9739,126.0354,867265,FINANCIALS
XOM,2024-03-12T16:00:00Z,167.4279,168.5983,166.6451,167.8137,1278345,ENERGY
CVX,2024-03-12T16:00:00Z,174.0049,174.7516,171.985,172.7262,767147,ENERGY
KO,2024-03-12T16:00:00Z,184.3803,184.9057,184.2983,184.8235,1584894,STAPLES
PG,2024-03-12T16:00:00Z,234.8111,238.856,234.5779,238.6191,1055656,STAPLES
AAPL,2024-03-13T16:00:00Z,42.4744,42.6993,41.522,41.7431,1278937,TECH
MSFT,2024-03-13T16:00:00Z,58.8669,59.0911,58.7302,58.9542,828621,TECH
NVDA,2024-03-13T16:00:00Z,71.6554,71.8003,71.5393,71.6841,1075434,TECH
JPM,2024-03-13T16:00:00Z,95.8071,97.0145,95.6695,96.8753,749289,FINANCIALS
GS,2024-03-13T16:00:00Z,108.9633,109.425,108.2651,108.7258,1506685,FINANCIALS
BAC,2024-03-13T16:00:00Z,125.8506,126.9085,125.4806,126.5364,1034290,FINANCIALS
XOM,2024-03-13T16:00:00Z,167.7457,168.0215,166.8741,167.149,1293224,ENERGY
CVX,2024-03-13T16:00:00Z,172.5214,176.8367,172.4831,176.7974,1204846,ENERGY
KO,2024-03-13T16:00:00Z,184.6289,184.6904,183.5259,183.587,1105476,STAPLES
PG,2024-03-13T16:00:00Z,238.6008,239.0463,232.4834,232.9183,1527025,STAPLES
AAPL,2024-03-14T16:00:00Z,41.7064,42.4233,41.6907,42.4074,1419670,TECH
MSFT,2024-03-14T16:00:00Z,58.9397,58.9814,57.896,57.937,853688,TECH
NVDA,2024-03-14T16:00:00Z,71.8754,72.8012,71.3968,72.3196,1390788,TECH
JPM,2024-03-14T16:00:00Z,96.7259,98.5181,96.4497,98.2375,1425674,FINANCIALS
GS,2024-03-14T16:00:00Z,108.7087,110.2138,108.6129,110.1167,1130429,FINANCIALS
BAC,2024-03-14T16:00:00Z,126.3488,130.6977,125.9402,130.2763,908757,FINANCIALS
XOM,2024-03-14T16:00:00Z,167.3559,170.35,167.0021,169.9905,1531862,ENERGY
CVX,2024-03-14T16:00:00Z,176.8372,177.5859,176.2868,177.0348,1593276,ENERGY
KO,2024-03-14T16:00:00Z,183.4523,185.3758,182.5903,184.5089,759770,STAPLES
PG,2024-03-14T16:00:00Z,233.0445,233.185,230.6415,230.7806,1309920,STAPLES
AAPL,2024-03-15T16:00:00Z,42.4957,42.6427,42.2965,42.4433,1294993,TECH
MSFT,2024-03-15T16:00:00Z,57.9179,58.0132,57.503,57.5978,1222237,TECH
NVDA,2024-03-15T16:00:00Z,72.4949,72.9893,71.8977,72.3914,1260562,TECH
JPM,2024-03-15T16:00:00Z,98.2089,98.2899,97.7032,97.7838,1411763,FINANCIALS
GS,2024-03-15T16:00:00Z,110.3184,110.6706,110.0004,110.3526,1382672,FINANCIALS
BAC,2024-03-15T16:00:00Z,130.4417,131.7994,130.4028,131.7601,1388861,FINANCIALS
XOM,2024-03-15T16:00:00Z,170.2168,171.1208,169.8474,170.7503,982973,ENERGY
CVX,2024-03-15T16:00:00Z,176.7619,177.3203,175.4866,176.0427,1554432,ENERGY
KO,2024-03-15T16:00:00Z,184.4402,184.5002,183.1181,183.1776,1170283,STAPLES
PG,2024-03-15T16:00:00Z,230.5072,230.9776,228.3118,228.7787,1351393,STAPLES
AAPL,2024-03-18T16:00:00Z,42.3777,42.4261,41.617,41.6645,1419060,TECH
MSFT,2024-03-18T16:00:00Z,57.6223,57.8572,57.5997,57.8346,1324389,TECH
NVDA,2024-03-18T16:00:00Z,72.3033,72.5758,68.2329,68.491,1264583,TECH
JPM,2024-03-18T16:00:00Z,97.8039,98.0281,95.7715,95.9916,1015546,FINANCIALS
GS,2024-03-18T16:00:00Z,110.4342,110.8713,110.2695,110.7063,1348522,FINANCIALS
BAC,2024-03-18T16:00:00Z,131.6721,132.911,131.232,132.4682,1188442,FINANCIALS
XOM,2024-03-18T16:00:00Z,170.7096,175.0071,170.5238,174.8168,823316,ENERGY
CVX,2024-03-18T16:00:00Z,176.0304,177.684,175.8203,177.4722,1402142,ENERGY
KO,2024-03-18T16:00:00Z,183.3108,185.4476,183.2844,185.4209,1086805,STAPLES
PG,2024-03-18T16:00:00Z,228.9402,231.9395,228.666,231.662,1286180,STAPLES
AAPL,2024-03-19T16:00:00Z,41.5907,41.601,41.4648,41.475,1405081,TECH
MSFT,2024-03-19T16:00:00Z,57.8449,58.3247,57.741,58.2201,1163125,TECH
NVDA,2024-03-19T16:00:00Z,68.4341,68.7135,68.1131,68.3923,1206080,TECH
JPM,2024-03-19T16:00:00Z,96.0641,97.1089,95.9474,96.9911,814487,FINANCIALS
GS,2024-03-19T16:00:00Z,110.6674,110.8582,109.9719,110.1618,1019882,FINANCIALS
BAC,2024-03-19T16:00:00Z,132.574,133.2009,132.0935,132.7199,1101744,FINANCIALS
XOM,2024-03-19T16:00:00Z,174.9812,175.42,172.7467,173.181,1181946,ENERGY
CVX,2024-03-19T16:00:00Z,176.8978,178.886,176.8433,178.8309,1553971,ENERGY
KO,2024-03-19T16:00:00Z,185.7174,186.077,183.6557,184.012,1573338,STAPLES
PG,2024-03-19T16:00:00Z,231.8604,235.0909,230.7531,233.9734,1213054,STAPLES
AAPL,2024-03-20T16:00:00Z,41.4794,41.8553,41.2666,41.6416,1219381,TECH
MSFT,2024-03-20T16:00:00Z,58.1881,58.7846,57.8529,58.4479,723698,TECH
NVDA,2024-03-20T16:00:00Z,68.4274,69.5929,68.2543,69.4173,927432,TECH
JPM,2024-03-20T16:00:00Z,96.9878,97.5759,96.4815,97.0692,837117,FINANCIALS
GS,2024-03-20T16:00:00Z,110.303,110.7061,110.1165,110.5193,1391115,FINANCIALS
BAC,2024-03-20T16:00:00Z,132.6493,133.184,130.3594,130.8869,719404,FINANCIALS
XOM,2024-03-20T16:00:00Z,173.2984,176.8471,173.0323,176.576,1087995,ENERGY
CVX,2024-03-20T16:00:00Z,178.71,183.5013,178.4431,183.2277,1233248,ENERGY
KO,2024-03-20T16:00:00Z,183.8761,188.4149,183.5322,188.0631,1158936,STAPLES
PG,2024-03-20T16:00:00Z,234.0612,236.0193,233.1292,235.0832,922809,STAPLES
AAPL,2024-03-21T16:00:00Z,41.645,41.6657,40.3107,40.3308,1416727,TECH
MSFT,2024-03-21T16:00:00Z,58.4311,58.5037,58.3093,58.3818,1558712,TECH
NVDA,2024-03-21T16:00:00Z,69.4376,69.5545,68.3151,68.4303,1237507,TECH
JPM,2024-03-21T16:00:00Z,97.2614,97.7325,93.7367,94.1929,1448858,FINANCIALS
GS,2024-03-21T16:00:00Z,110.7323,110.8802,109.8954,110.0424,965984,FINANCIALS
BAC,2024-03-21T16:00:00Z,130.782,131.2687,127.0764,127.5511,1074680,FINANCIALS
XOM,2024-03-21T16:00:00Z,176.3919,176.6067,174.1457,174.358,1278308,ENERGY
CVX,2024-03-21T16:00:00Z,183.3596,185.0997,183.3236,185.0634,1014862,ENERGY
KO,2024-03-21T16:00:00Z,187.8382,188.3987,183.6192,184.1688,1494258,STAPLES
PG,2024-03-21T16:00:00Z,234.7965,235.8346,234.2047,235.2417,1385014,STAPLES
AAPL,2024-03-22T16:00:00Z,40.3148,40.3394,39.782,39.8062,991589,TECH
MSFT,2024-03-22T16:00:00Z,58.3786,58.5415,58.1276,58.2903,899143,TECH
NVDA,2024-03-22T16:00:00Z,68.5146,68.5301,66.3151,66.33,1179034,TECH
JPM,2024-03-22T16:00:00Z,94.1913,94.3987,90.4818,90.6814,1276755,FINANCIALS
GS,2024-03-22T16:00:00Z,110.29,110.359,108.6163,108.6843,724916,FINANCIALS
BAC,2024-03-22T16:00:00Z,127.4065,127.861,123.7948,124.238,1016896,FINANCIALS
XOM,2024-03-22T16:00:00Z,174.2492,174.6085,171.9769,172.3322,1455399,ENERGY
CVX,2024-03-22T16:00:00Z,184.803,184.9992,183.4979,183.693,895691,ENERGY
KO,2024-03-22T16:00:00Z,184.1932,184.4926,182.8223,183.12,918657,STAPLES
PG,2024-03-22T16:00:00Z,235.3527,236.2442,233.4858,234.3736,856845,STAPLES
AAPL,2024-03-25T16:00:00Z,39.7404,40.2325,39.581,40.0718,1377399,TECH
MSFT,2024-03-25T16:00:00Z,58.3551,58.677,57.6371,57.9567,1176632,TECH
NVDA,2024-03-25T16:00:00Z,66.1506,66.6043,65.9083,66.3612,1163723,TECH
JPM,2024-03-25T16:00:00Z,90.6598,90.8319,90.0498,90.221,1463594,FINANCIALS
GS,2024-03-25T16:00:00Z,108.6506,109.3359,108.5693,109.2541,1086850,FINANCIALS
BAC,2024-03-25T16:00:00Z,124.2188,124.2235,121.1028,121.1074,1328028,FINANCIALS
XOM,2024-03-25T16:00:00Z,172.4518,173.3584,171.2852,172.1905,1121988,ENERGY
CVX,2024-03-25T16:00:00Z,183.8847,184.311,179.8177,180.2356,780519,ENERGY
KO,2024-03-25T16:00:00Z,183.4378,184.4276,179.3381,180.311,1472476,STAPLES
PG,2024-03-25T16:00:00Z,234.8829,235.8116,231.2264,232.1442,1466668,STAPLES
AAPL,2024-03-26T16:00:00Z,40.0817,40.1067,40.019,40.044,980779,TECH
MSFT,2024-03-26T16:00:00Z,57.9078,58.0543,57.751,57.8975,773423,TECH
NVDA,2024-03-26T16:00:00Z,66.2802,66.2974,65.7392,65.7562,1483386,TECH
JPM,2024-03-26T16:00:00Z,90.1626,90.2577,89.6573,89.752,1335528,FINANCIALS
GS,2024-03-26T16:00:00Z,109.1337,109.3149,109.0004,109.1815,1487810,FINANCIALS
BAC,2024-03-26T16:00:00Z,121.0123,122.9674,120.6827,122.6334,1296320,FINANCIALS
XOM,2024-03-26T16:00:00Z,172.0755,172.161,168.1572,168.2409,856742,ENERGY
CVX,2024-03-26T16:00:00Z,180.1844,181.1778,179.8619,180.854,1252504,ENERGY
KO,2024-03-26T16:00:00Z,180.0402,183.2589,178.508,181.7126,1118981,STAPLES
PG,2024-03-26T16:00:00Z,232.2905,233.3074,231.4479,232.4642,832249,STAPLES
AAPL,2024-03-27T16:00:00Z,40.069,41.7399,39.8145,41.4764,956820,TECH
MSFT,2024-03-27T16:00:00Z,58.0152,58.1705,57.7142,57.8691,869716,TECH
NVDA,2024-03-27T16:00:00Z,65.6786,66.1097,65.5086,65.939,1128959,TECH
JPM,2024-03-27T16:00:00Z,89.7675,89.8759,89.3471,89.455,1366613,FINANCIALS
GS,2024-03-27T16:00:00Z,109.0221,109.4066,107.9505,108.3325,1355395,FINANCIALS
BAC,2024-03-27T16:00:00Z,122.7794,123.6228,122.6278,123.4703,779323,FINANCIALS
XOM,2024-03-27T16:00:00Z,168.4903,172.1644,167.8131,171.4752,867610,ENERGY
CVX,2024-03-27T16:00:00Z,180.7041,181.9409,176.7657,177.9839,1182747,ENERGY
KO,2024-03-27T16:00:00Z,181.6141,184.9055,181.2042,184.4892,1317477,STAPLES
PG,2024-03-27T16:00:00Z,232.8376,236.4479,232.8028,236.4126,1556451,STAPLES
AAPL,2024-03-28T16:00:00Z,41.4342,41.4625,41.431,41.4594,803157,TECH
MSFT,2024-03-28T16:00:00Z,57.8833,58.4801,57.727,58.3226,935656,TECH
NVDA,2024-03-28T16:00:00Z,65.9062,66.1288,65.3489,65.5703,1316926,TECH
JPM,2024-03-28T16:00:00Z,89.4857,91.3613,89.3575,91.2307,1181739,FINANCIALS
GS,2024-03-28T16:00:00Z,108.2548,110.3172,107.5967,109.6506,730008,FINANCIALS
BAC,2024-03-28T16:00:00Z,123.6931,123.9415,123.5606,123.8088,761708,FINANCIALS
XOM,2024-03-28T16:00:00Z,171.2461,175.3449,169.6024,173.6779,1150295,ENERGY
CVX,2024-03-28T16:00:00Z,178.1447,179.1977,176.1626,177.2101,944699,ENERGY
KO,2024-03-28T16:00:00Z,184.4234,186.7476,183.7807,186.099,897681,STAPLES
PG,2024-03-28T16:00:00Z,236.525,241.7954,235.9342,241.193,1060176,STAPLES
AAPL,2024-03-29T16:00:00Z,41.3903,41.859,41.3274,41.7954,743519,TECH
MSFT,2024-03-29T16:00:00Z,58.301,58.3761,57.9444,58.0191,716104,TECH
NVDA,2024-03-29T16:00:00Z,65.5169,65.8658,65.3536,65.702,713670,TECH
JPM,2024-03-29T16:00:00Z,91.2109,92.005,91.1359,91.9293,1276010,FINANCIALS
GS,2024-03-29T16:00:00Z,109.5662,110.9437,109.5343,110.9114,1470486,FINANCIALS
BAC,2024-03-29T16:00:00Z,123.956,125.094,123.8835,125.0208,1567474,FINANCIALS
XOM,2024-03-29T16:00:00Z,173.8663,176.8281,173.2966,176.2506,1004451,ENERGY
CVX,2024-03-29T16:00:00Z,177.2359,177.2845,175.6561,175.7042,1406568,ENERGY
KO,2024-03-29T16:00:00Z,186.1796,187.8086,186.1568,187.7857,1086604,STAPLES
PG,2024-03-29T16:00:00Z,240.6607,243.3416,239.6183,242.2921,1502549,STAPLES
AAPL,2024-04-01T16:00:00Z,41.7294,42.1235,41.2766,41.6702,1149707,TECH
MSFT,2024-04-01T16:00:00Z,58.165,58.9927,57.4098,58.2365,916526,TECH
NVDA,2024-04-01T16:00:00Z,65.5456,65.9459,65.5401,65.9403,1559430,TECH
JPM,2024-04-01T16:00:00Z,91.8997,91.9816,91.5444,91.6261,908641,FINANCIALS
GS,2024-04-01T16:00:00Z,110.7883,111.3506,110.5898,111.1515,1482700,FINANCIALS
BAC,2024-04-01T16:00:00Z,124.8633,127.4224,124.7176,127.2739,1122725,FINANCIALS
XOM,2024-04-01T16:00:00Z,176.1513,176.945,172.9348,173.7175,1313415,ENERGY
CVX,2024-04-01T16:00:00Z,175.7169,178.008,174.805,177.089,954746,ENERGY
KO,2024-04-01T16:00:00Z,187.7362,188.432,186.3121,187.0051,1013898,STAPLES
PG,2024-04-01T16:00:00Z,242.658,243.3775,238.3557,239.0646,1422004,STAPLES
AAPL,2024-04-02T16:00:00Z,41.6886,42.3106,41.5367,42.157,1201865,TECH
MSFT,2024-04-02T16:00:00Z,58.2828,59.9963,58.1228,59.8321,801333,TECH
NVDA,2024-04-02T16:00:00Z,65.9865,66.0887,65.4587,65.5603,1091279,TECH
JPM,2024-04-02T16:00:00Z,91.672,91.6888,89.9842,90.0006,1160996,FINANCIALS
GS,2024-04-02T16:00:00Z,110.9231,112.7543,110.4893,112.3151,875334,FINANCIALS
BAC,2024-04-02T16:00:00Z,127.0583,127.1007,124.7901,124.8317,1595304,FINANCIALS
XOM,2024-04-02T16:00:00Z,173.9549,174.1747,171.7115,171.9287,1531067,ENERGY
CVX,2024-04-02T16:00:00Z,177.6165,180.6135,175.9843,178.9688,762317,ENERGY
KO,2024-04-02T16:00:00Z,186.7716,189.9744,186.4915,189.6899,1295839,STAPLES
PG,2024-04-02T16:00:00Z,239.4509,241.2115,235.4121,237.1558,1242895,STAPLES
AAPL,2024-04-03T16:00:00Z,42.0736,42.5991,42.0582,42.5835,1283139,TECH
MSFT,2024-04-03T16:00:00Z,59.8542,59.9711,58.2734,58.3875,1174473,TECH
NVDA,2024-04-03T16:00:00Z,65.6612,66.2909,63.0804,63.6911,1115352,TECH
JPM,2024-04-03T16:00:00Z,90.0037,91.2871,89.6235,90.9032,832874,FINANCIALS
GS,2024-04-03T16:00:00Z,112.4222,113.1112,111.0329,111.7176,1597330,FINANCIALS
BAC,2024-04-03T16:00:00Z,124.5695,125.7882,124.2277,125.4441,1202993,FINANCIALS
XOM,2024-04-03T16:00:00Z,172.0516,172.3624,167.0716,167.374,1042509,ENERGY
CVX,2024-04-03T16:00:00Z,178.9886,179.8671,177.4824,178.3578,1384139,ENERGY
KO,2024-04-03T16:00:00Z,190.1267,191.1921,189.3295,190.3937,970294,STAPLES
PG,2024-04-03T16:00:00Z,237.042,238.4309,234.9676,236.3524,1037849,STAPLES
AAPL,2024-04-04T16:00:00Z,42.5451,43.088,42.343,42.8842,723414,TECH
MSFT,2024-04-04T16:00:00Z,58.4156,59.9465,58.0097,59.5329,1220981,TECH
NVDA,2024-04-04T16:00:00Z,63.7162,64.0931,62.9697,63.3444,786456,TECH
JPM,2024-04-04T16:00:00Z,90.8741,91.962,90.4205,91.5052,798733,FINANCIALS
GS,2024-04-04T16:00:00Z,111.5233,112.0903,111.5027,112.0696,848101,FINANCIALS
BAC,2024-04-04T16:00:00Z,125.2397,126.2861,125.2306,126.2769,924395,FINANCIALS
XOM,2024-04-04T16:00:00Z,167.2452,167.4034,167.2297,167.3878,1477434,ENERGY
CVX,2024-04-04T16:00:00Z,178.0339,180.7671,177.3781,180.1037,1508003,ENERGY
KO,2024-04-04T16:00:00Z,190.5935,192.0257,190.5757,192.0077,1019065,STAPLES
PG,2024-04-04T16:00:00Z,236.3665,237.1355,236.2547,237.0234,993655,STAPLES
AAPL,2024-04-05T16:00:00Z,42.8687,43.8612,42.7623,43.7526,895668,TECH
MSFT,2024-04-05T16:00:00Z,59.5053,59.7278,59.0383,59.2598,820029,TECH
NVDA,2024-04-05T16:00:00Z,63.3807,64.3024,63.0029,63.9213,1015774,TECH
JPM,2024-04-05T16:00:00Z,91.3917,92.8368,91.0842,92.5254,1364569,FINANCIALS
GS,2024-04-05T16:00:00Z,111.8719,113.4712,111.5228,113.1182,1428869,FINANCIALS
BAC,2024-04-05T16:00:00Z,126.5534,128.3956,126.05,127.8869,1094641,FINANCIALS
XOM,2024-04-05T16:00:00Z,167.2977,168.2472,167.1304,168.0791,841301,ENERGY
CVX,2024-04-05T16:00:00Z,180.1559,180.4367,179.0935,179.3731,1272575,ENERGY
KO,2024-04-05T16:00:00Z,191.6924,192.1856,190.0534,190.5437,723175,STAPLES
PG,2024-04-05T16:00:00Z,236.8161,236.9228,236.341,236.4475,959885,STAPLES
AAPL,2024-04-08T16:00:00Z,43.8287,43.995,42.5831,42.7453,1495625,TECH
MSFT,2024-04-08T16:00:00Z,59.3541,59.3801,58.4085,58.4342,785682,TECH
NVDA,2024-04-08T16:00:00Z,63.8843,64.4734,63.6371,64.2249,1108381,TECH
JPM,2024-04-08T16:00:00Z,92.6072,92.7599,90.4181,90.5674,866709,FINANCIALS
GS,2024-04-08T16:00:00Z,113.0262,113.0956,112.8533,112.9226,753794,FINANCIALS
BAC,2024-04-08T16:00:00Z,128.066,128.1738,126.7325,126.8392,895194,FINANCIALS
XOM,2024-04-08T16:00:00Z,168.0214,168.6747,167.5769,168.2296,742151,ENERGY
CVX,2024-04-08T16:00:00Z,179.1662,179.2861,176.2123,176.3302,1588840,ENERGY
KO,2024-04-08T16:00:00Z,190.6945,193.024,190.2219,192.5469,1333649,STAPLES
PG,2024-04-08T16:00:00Z,236.6708,242.3461,235.187,240.8361,1536760,STAPLES
AAPL,2024-04-09T16:00:00Z,42.7412,42.7417,42.3529,42.3534,1306580,TECH
MSFT,2024-04-09T16:00:00Z,58.4842,59.7742,58.0269,59.3104,1555014,TECH
NVDA,2024-04-09T16:00:00Z,64.378,64.4092,64.0964,64.1274,1345501,TECH
JPM,2024-04-09T16:00:00Z,90.7596,90.7731,89.848,89.8613,1244405,FINANCIALS
GS,2024-04-09T16:00:00Z,113.0405,113.5094,111.6184,112.0833,1273048,FINANCIALS
BAC,2024-04-09T16:00:00Z,127.0495,127.1704,126.4801,126.6006,984590,FINANCIALS
XOM,2024-04-09T16:00:00Z,168.0998,168.6255,166.9161,167.4397,1000407,ENERGY
CVX,2024-04-09T16:00:00Z,176.3817,178.2513,176.3492,178.2184,1541344,ENERGY
KO,2024-04-09T16:00:00Z,192.6459,194.0387,191.7921,193.1825,1172299,STAPLES
PG,2024-04-09T16:00:00Z,240.9466,241.5435,239.4926,240.0874,1318624,STAPLES
AAPL,2024-04-10T16:00:00Z,42.3827,42.5631,42.1148,42.2948,1146145,TECH
MSFT,2024-04-10T16:00:00Z,59.2468,59.828,59.1873,59.768,710694,TECH
NVDA,2024-04-10T16:00:00Z,64.106,64.1568,63.1583,63.2084,1407605,TECH
JPM,2024-04-10T16:00:00Z,89.7323,91.0534,89.5157,90.8341,739956,FINANCIALS
GS,2024-04-10T16:00:00Z,112.0772,112.1807,111.4019,111.5049,771112,FINANCIALS
BAC,2024-04-10T16:00:00Z,126.4993,126.669,123.0438,123.209,1313383,FINANCIALS
XOM,2024-04-10T16:00:00Z,167.6592,169.2593,167.1307,168.7275,1161389,ENERGY
CVX,2024-04-10T16:00:00Z,178.2068,178.3759,177.6053,177.774,928417,ENERGY
KO,2024-04-10T16:00:00Z,193.4492,194.3489,191.0068,191.8993,1454246,STAPLES
PG,2024-04-10T16:00:00Z,239.2724,239.7852,234.2187,234.7217,1486133,STAPLES
AAPL,2024-04-11T16:00:00Z,42.2242,42.6344,42.1178,42.5272,1193154,TECH
MSFT,2024-04-11T16:00:00Z,59.8299,60.8864,59.6352,60.6888,1304461,TECH
NVDA,2024-04-11T16:00:00Z,63.3052,64.1844,63.028,63.9045,1060084,TECH
JPM,2024-04-11T16:00:00Z,90.8672,92.1789,90.2258,91.5329,820809,FINANCIALS
GS,2024-04-11T16:00:00Z,111.4729,112.3623,111.1826,112.0704,1034326,FINANCIALS
BAC,2024-04-11T16:00:00Z,123.4945,123.9575,120.7803,121.2349,1458494,FINANCIALS
XOM,2024-04-11T16:00:00Z,168.7782,174.1644,168.489,173.8665,757051,ENERGY
CVX,2024-04-11T16:00:00Z,177.6035,179.9797,177.1701,179.5416,1076932,ENERGY
KO,2024-04-11T16:00:00Z,191.7417,194.6622,190.9854,193.8975,1315262,STAPLES
PG,2024-04-11T16:00:00Z,234.5527,240.3699,234.3306,240.1424,1565207,STAPLES
AAPL,2024-04-12T16:00:00Z,42.4979,43.2834,42.3021,43.0849,1049217,TECH
MSFT,2024-04-12T16:00:00Z,60.7272,61.2235,60.4582,60.9535,1157379,TECH
NVDA,2024-04-12T16:00:00Z,63.8396,64.1253,63.825,64.1107,1005515,TECH
JPM,2024-04-12T16:00:00Z,91.406,91.4109,91.0509,91.0558,1324556,FINANCIALS
GS,2024-04-12T16:00:00Z,111.9748,112.6928,111.411,112.1282,1405304,FINANCIALS
BAC,2024-04-12T16:00:00Z,121.4592,122.4565,121.4347,122.4318,1372758,FINANCIALS
XOM,2024-04-12T16:00:00Z,173.7292,174.5648,171.4595,172.2881,1165426,ENERGY
CVX,2024-04-12T16:00:00Z,179.79,180.3577,179.4757,180.043,1552170,ENERGY
KO,2024-04-12T16:00:00Z,193.9186,194.4914,191.1807,191.747,1260505,STAPLES
PG,2024-04-12T16:00:00Z,240.3021,241.6334,237.0252,238.3457,1301377,STAPLES
AAPL,2024-04-15T16:00:00Z,43.139,43.1858,42.7982,42.8446,1495324,TECH
MSFT,2024-04-15T16:00:00Z,60.8834,61.2757,60.5062,60.8984,867425,TECH
NVDA,2024-04-15T16:00:00Z,64.174,65.183,64.067,65.0744,1004950,TECH
JPM,2024-04-15T16:00:00Z,91.0167,91.2975,88.9169,89.1921,1519709,FINANCIALS
GS,2024-04-15T16:00:00Z,112.0881,115.3831,110.8778,114.1505,1573932,FINANCIALS
BAC,2024-04-15T16:00:00Z,122.4152,123.0422,122.1114,122.7376,1230688,FINANCIALS
XOM,2024-04-15T16:00:00Z,172.5546,173.0916,169.0532,169.581,965774,ENERGY
CVX,2024-04-15T16:00:00Z,179.8383,180.5959,175.7054,176.4487,1417844,ENERGY
KO,2024-04-15T16:00:00Z,192.146,195.8121,190.8475,194.4977,935001,STAPLES
PG,2024-04-15T16:00:00Z,237.8177,241.4535,236.2531,239.8754,1245096,STAPLES
AAPL,2024-04-16T16:00:00Z,42.8092,43.4955,42.6614,43.3459,1136690,TECH
MSFT,2024-04-16T16:00:00Z,60.967,60.9955,60.9301,60.9586,1560073,TECH
NVDA,2024-04-16T16:00:00Z,64.9547,65.3538,64.8095,65.2081,1553058,TECH
JPM,2024-04-16T16:00:00Z,89.0734,89.2068,88.9235,89.0569,1012868,FINANCIALS
GS,2024-04-16T16:00:00Z,114.1658,115.1203,114.1095,115.0636,854038,FINANCIALS
BAC,2024-04-16T16:00:00Z,122.7496,122.7791,121.6237,121.6529,1572135,FINANCIALS
XOM,2024-04-16T16:00:00Z,169.6187,169.8992,168.887,169.1668,1400398,ENERGY
CVX,2024-04-16T16:00:00Z,176.6796,178.5648,175.7135,177.5938,1598572,ENERGY
KO,2024-04-16T16:00:00Z,194.7436,197.2532,194.4149,196.9208,1142635,STAPLES
PG,2024-04-16T16:00:00Z,239.8997,240.0834,239.1145,239.2977,1402671,STAPLES
AAPL,2024-04-17T16:00:00Z,43.385,44.5429,43.3405,44.4972,1144512,TECH
MSFT,2024-04-17T16:00:00Z,60.9237,62.3438,60.6517,62.0666,1189241,TECH
NVDA,2024-04-17T16:00:00Z,65.2568,65.3158,64.9305,64.9893,1000105,TECH
JPM,2024-04-17T16:00:00Z,88.9229,89.8962,88.6619,89.6332,1591146,FINANCIALS
GS,2024-04-17T16:00:00Z,115.3622,117.2534,115.0824,116.9698,946510,FINANCIALS
BAC,2024-04-17T16:00:00Z,121.4868,127.59,120.9743,127.054,1308758,FINANCIALS
XOM,2024-04-17T16:00:00Z,168.9653,171.7817,168.5626,171.3733,883811,ENERGY
CVX,2024-04-17T16:00:00Z,177.4674,178.1425,177.4136,178.0885,958397,ENERGY
KO,2024-04-17T16:00:00Z,196.3513,197.0398,195.7024,196.3908,1039289,STAPLES
PG,2024-04-17T16:00:00Z,239.2961,241.7698,237.4928,239.9616,1146879,STAPLES
AAPL,2024-04-18T16:00:00Z,44.5259,44.6157,43.8604,43.9491,804738,TECH
MSFT,2024-04-18T16:00:00Z,61.9976,62.0695,61.1176,61.1886,1302371,TECH
NVDA,2024-04-18T16:00:00Z,65.0259,66.3298,64.9832,66.2863,1016948,TECH
JPM,2024-04-18T16:00:00Z,89.7869,90.2997,89.7739,90.2865,1153686,FINANCIALS
GS,2024-04-18T16:00:00Z,117.2151,117.2799,115.3051,115.3689,1539172,FINANCIALS
BAC,2024-04-18T16:00:00Z,126.9066,127.1501,126.4235,126.6666,712594,FINANCIALS
XOM,2024-04-18T16:00:00Z,171.3028,172.7914,170.7752,172.2609,935736,ENERGY
CVX,2024-04-18T16:00:00Z,177.9917,178.1734,177.4938,177.6751,739666,ENERGY
KO,2024-04-18T16:00:00Z,196.4893,196.5142,195.031,195.0557,1265130,STAPLES
PG,2024-04-18T16:00:00Z,240.2978,241.6397,238.7847,240.1257,1088631,STAPLES
AAPL,2024-04-19T16:00:00Z,43.9767,44.9013,43.7579,44.679,1449547,TECH
MSFT,2024-04-19T16:00:00Z,61.1138,61.4058,59.6084,59.8945,1222185,TECH
NVDA,2024-04-19T16:00:00Z,66.3472,66.3892,66.0469,66.0887,828508,TECH
JPM,2024-04-19T16:00:00Z,90.3093,90.4941,90.1695,90.3542,912156,FINANCIALS
GS,2024-04-19T16:00:00Z,115.2985,117.2675,115.1401,117.1066,1368131,FINANCIALS
BAC,2024-04-19T16:00:00Z,126.2601,128.2023,125.7226,127.6588,845555,FINANCIALS
XOM,2024-04-19T16:00:00Z,171.848,172.5551,168.987,169.6852,1092628,ENERGY
CVX,2024-04-19T16:00:00Z,177.8628,178.4605,177.7294,178.3268,1019328,ENERGY
KO,2024-04-19T16:00:00Z,194.8484,196.63,194.8068,196.588,1069196,STAPLES
PG,2024-04-19T16:00:00Z,240.3772,240.4351,239.342,239.3997,1591719,STAPLES
AAPL,2024-04-22T16:00:00Z,44.6606,44.7227,44.1413,44.2028,1141208,TECH
MSFT,2024-04-22T16:00:00Z,59.8896,60.7322,59.7714,60.6126,810910,TECH
NVDA,2024-04-22T16:00:00Z,65.9324,66.3373,65.0365,65.4384,1443004,TECH
JPM,2024-04-22T16:00:00Z,90.3669,90.6679,89.9251,90.2256,1552625,FINANCIALS
GS,2024-04-22T16:00:00Z,117.0555,118.9836,116.9008,118.8265,1457888,FINANCIALS
BAC,2024-04-22T16:00:00Z,127.6553,127.7021,126.2747,126.321,927650,FINANCIALS
XOM,2024-04-22T16:00:00Z,170.0374,170.6118,169.0799,169.6531,743715,ENERGY
CVX,2024-04-22T16:00:00Z,178.0749,178.835,177.6389,178.3982,1131790,ENERGY
KO,2024-04-22T16:00:00Z,196.9923,197.7924,195.0663,195.8619,875764,STAPLES
PG,2024-04-22T16:00:00Z,239.4334,242.2668,237.9152,240.7403,1155295,STAPLES
AAPL,2024-04-23T16:00:00Z,44.3092,44.4293,43.925,44.0443,833099,TECH
MSFT,2024-04-23T16:00:00Z,60.7364,61.0168,59.272,59.5469,1043273,TECH
NVDA,2024-04-23T16:00:00Z,65.4902,65.7216,64.7505,64.9802,906492,TECH
JPM,2024-04-23T16:00:00Z,90.2701,90.5182,88.4334,88.6771,1300836,FINANCIALS
GS,2024-04-23T16:00:00Z,118.8152,119.1355,118.6023,118.9224,951505,FINANCIALS
BAC,2024-04-23T16:00:00Z,126.2599,126.6808,125.3895,125.8089,1486384,FINANCIALS
XOM,2024-04-23T16:00:00Z,169.4802,169.7128,166.9861,167.2156,717052,ENERGY
CVX,2024-04-23T16:00:00Z,178.3872,179.6679,173.0841,174.3357,1208778,ENERGY
KO,2024-04-23T16:00:00Z,196.104,197.7723,195.6408,197.3062,1044474,STAPLES
PG,2024-04-23T16:00:00Z,240.5424,241.0564,237.9758,238.4854,1454795,STAPLES
AAPL,2024-04-24T16:00:00Z,44.0367,44.4114,43.2596,43.6309,1413932,TECH
MSFT,2024-04-24T16:00:00Z,59.5906,59.6707,58.9484,59.0277,1080930,TECH
NVDA,2024-04-24T16:00:00Z,64.9975,65.294,64.9699,65.2662,1372022,TECH
JPM,2024-04-24T16:00:00Z,88.82,90.0393,88.2321,89.4472,841327,FINANCIALS
GS,2024-04-24T16:00:00Z,118.979,120.8989,118.8062,120.7236,1464377,FINANCIALS
BAC,2024-04-24T16:00:00Z,125.8202,128.5466,124.9479,127.6616,1505521,FINANCIALS
XOM,2024-04-24T16:00:00Z,167.1353,167.1527,165.0532,165.0704,1400188,ENERGY
CVX,2024-04-24T16:00:00Z,174.2481,178.0137,173.8396,177.5973,892371,ENERGY
KO,2024-04-24T16:00:00Z,197.0624,197.9296,194.6197,195.4799,705863,STAPLES
PG,2024-04-24T16:00:00Z,238.6078,239.0808,237.0961,237.567,1091987,STAPLES
AAPL,2024-04-25T16:00:00Z,43.599,44.2198,43.3286,43.9473,1409982,TECH
MSFT,2024-04-25T16:00:00Z,59.1096,59.52,59.0342,59.4442,1298352,TECH
NVDA,2024-04-25T16:00:00Z,65.2349,66.2489,65.1446,66.1573,1546384,TECH
JPM,2024-04-25T16:00:00Z,89.4137,91.1641,89.3589,91.1082,1373319,FINANCIALS
GS,2024-04-25T16:00:00Z,120.8804,121.2816,120.7136,121.1144,815794,FINANCIALS
BAC,2024-04-25T16:00:00Z,127.8146,127.8158,127.0186,127.0197,887972,FINANCIALS
XOM,2024-04-25T16:00:00Z,165.0698,168.1407,164.6505,167.7148,1461562,ENERGY
CVX,2024-04-25T16:00:00Z,177.7682,178.7204,174.0281,174.9652,1540928,ENERGY
KO,2024-04-25T16:00:00Z,195.6371,196.8886,195.3117,196.5616,908121,STAPLES
PG,2024-04-25T16:00:00Z,237.7448,238.6402,237.3952,238.2898,1350979,STAPLES
AAPL,2024-04-26T16:00:00Z,44.0104,44.9531,43.892,44.8325,1396680,TECH
MSFT,2024-04-26T16:00:00Z,59.4443,59.5125,58.9295,58.9973,1245538,TECH
NVDA,2024-04-26T16:00:00Z,66.1657,66.9904,66.0154,66.8385,1400894,TECH
JPM,2024-04-26T16:00:00Z,90.9791,91.9074,90.8351,91.7622,1372530,FINANCIALS
GS,2024-04-26T16:00:00Z,121.4472,122.7936,121.3471,122.6925,820612,FINANCIALS
BAC,2024-04-26T16:00:00Z,126.9723,129.6126,126.3442,128.9747,1454145,FINANCIALS
XOM,2024-04-26T16:00:00Z,167.8975,170.5174,167.2158,169.8279,1492561,ENERGY
CVX,2024-04-26T16:00:00Z,175.174,175.4853,172.4958,172.8028,859078,ENERGY
KO,2024-04-26T16:00:00Z,196.5193,197.1695,195.607,196.2563,898490,STAPLES
PG,2024-04-26T16:00:00Z,238.8004,239.5126,238.5047,239.2165,996054,STAPLES
AAPL,2024-04-29T16:00:00Z,44.8723,44.915,44.4235,44.4658,1292335,TECH
MSFT,2024-04-29T16:00:00Z,58.9997,60.0214,58.8925,59.9125,1260608,TECH
NVDA,2024-04-29T16:00:00Z,66.958,67.3174,65.823,66.1782,908038,TECH
JPM,2024-04-29T16:00:00Z,91.6366,94.1599,91.5489,94.0699,906015,FINANCIALS
GS,2024-04-29T16:00:00Z,122.5341,123.9641,122.2023,123.6293,1109804,FINANCIALS
BAC,2024-04-29T16:00:00Z,129.2159,129.7193,128.5732,129.0761,1274996,FINANCIALS
XOM,2024-04-29T16:00:00Z,169.5657,170.0507,167.4482,167.9285,1135592,ENERGY
CVX,2024-04-29T16:00:00Z,172.71,172.9588,172.3205,172.5691,1102723,ENERGY
KO,2024-04-29T16:00:00Z,196.4183,198.0114,196.2498,197.8417,912432,STAPLES
PG,2024-04-29T16:00:00Z,239.1623,241.8125,238.9563,241.6044,798321,STAPLES
AAPL,2024-04-30T16:00:00Z,44.4622,44.7153,43.9624,44.2142,1464869,TECH
MSFT,2024-04-30T16:00:00Z,59.9693,60.1912,57.6513,57.8655,1260505,TECH
NVDA,2024-04-30T16:00:00Z,66.1078,67.1929,65.7979,66.8795,1323303,TECH
JPM,2024-04-30T16:00:00Z,94.0673,94.7157,93.9822,94.6301,1422949,FINANCIALS
GS,2024-04-30T16:00:00Z,123.4119,124.3799,122.9037,123.8698,1190323,FINANCIALS
BAC,2024-04-30T16:00:00Z,128.9118,130.3609,128.3546,129.7998,1196005,FINANCIALS
XOM,2024-04-30T16:00:00Z,167.733,170.4319,167.4671,170.1621,1190791,ENERGY
CVX,2024-04-30T16:00:00Z,172.42,173.8814,172.4019,173.8631,1422763,ENERGY
KO,2024-04-30T16:00:00Z,197.7358,198.3045,197.1498,197.7184,1443140,STAPLES
PG,2024-04-30T16:00:00Z,242.2368,242.2765,239.0618,239.101,798234,STAPLES
AAPL,2024-05-01T16:00:00Z,44.0873,44.3036,43.1366,43.3492,870347,TECH
MSFT,2024-05-01T16:00:00Z,58.0022,59.4298,57.9612,59.3878,1249939,TECH
NVDA,2024-05-01T16:00:00Z,66.9117,67.0356,66.1268,66.2496,1187611,TECH
JPM,2024-05-01T16:00:00Z,94.4739,94.4988,93.1589,93.1835,989563,FINANCIALS
GS,2024-05-01T16:00:00Z,123.7201,124.8467,123.4061,124.5306,839914,FINANCIALS
BAC,2024-05-01T16:00:00Z,129.8302,129.9818,128.2613,128.4112,1092076,FINANCIALS
XOM,2024-05-01T16:00:00Z,169.8215,170.0167,167.9533,168.1466,825884,ENERGY
CVX,2024-05-01T16:00:00Z,173.9581,174.6607,171.6487,172.3449,728894,ENERGY
KO,2024-05-01T16:00:00Z,197.6905,201.2669,196.3005,199.8617,961076,STAPLES
PG,2024-05-01T16:00:00Z,239.445,242.4992,238.699,241.746,1583634,STAPLES
AAPL,2024-05-02T16:00:00Z,43.3688,43.4376,43.2927,43.3615,1128203,TECH
MSFT,2024-05-02T16:00:00Z,59.3584,59.3781,57.8986,57.9179,1503961,TECH
NVDA,2024-05-02T16:00:00Z,66.0822,67.0649,65.6593,66.6384,766054,TECH
JPM,2024-05-02T16:00:00Z,93.0843,93.0893,92.059,92.064,722764,FINANCIALS
GS,2024-05-02T16:00:00Z,124.8135,125.2473,124.3932,124.8269,1169737,FINANCIALS
BAC,2024-05-02T16:00:00Z,128.5736,129.3835,125.7391,126.5361,1573627,FINANCIALS
XOM,2024-05-02T16:00:00Z,168.3691,169.1089,167.7792,168.5184,1238502,ENERGY
CVX,2024-05-02T16:00:00Z,172.1695,172.7532,166.8745,167.4422,1340824,ENERGY
KO,2024-05-02T16:00:00Z,199.6507,199.8796,198.0309,198.2583,1479506,STAPLES
PG,2024-05-02T16:00:00Z,241.779,242.384,238.9343,239.5337,1261158,STAPLES
AAPL,2024-05-03T16:00:00Z,43.3601,43.655,43.0591,43.354,1268632,TECH
MSFT,2024-05-03T16:00:00Z,57.9414,58.5359,57.9231,58.5175,1349172,TECH
NVDA,2024-05-03T16:00:00Z,66.4414,68.2051,66.1211,67.8779,1102334,TECH
JPM,2024-05-03T16:00:00Z,92.0973,92.623,91.8854,92.4104,886759,FINANCIALS
GS,2024-05-03T16:00:00Z,124.8866,125.8317,122.8929,123.83,1495295,FINANCIALS
BAC,2024-05-03T16:00:00Z,126.6952,126.7454,124.8711,124.9206,711280,FINANCIALS
XOM,2024-05-03T16:00:00Z,168.5709,168.6141,167.7248,167.7678,1523721,ENERGY
CVX,2024-05-03T16:00:00Z,167.1992,168.3747,167.16,168.3352,790147,ENERGY
KO,2024-05-03T16:00:00Z,197.9701,199.5637,197.3257,198.9162,1105095,STAPLES
PG,2024-05-03T16:00:00Z,239.747,240.2496,237.0208,237.5188,1222896,STAPLES
AAPL,2024-05-06T16:00:00Z,43.3644,43.5707,42.8988,43.1038,1323004,TECH
MSFT,2024-05-06T16:00:00Z,58.4074,58.4078,57.7033,57.7036,1057885,TECH
NVDA,2024-05-06T16:00:00Z,67.7199,69.0345,67.3162,68.6254,956682,TECH
JPM,2024-05-06T16:00:00Z,92.3794,92.3795,92.1449,92.145,1518233,FINANCIALS
GS,2024-05-06T16:00:00Z,123.9252,124.1186,123.083,123.2754,833012,FINANCIALS
BAC,2024-05-06T16:00:00Z,124.8846,125.111,124.0398,124.2651,765536,FINANCIALS
XOM,2024-05-06T16:00:00Z,167.9765,168.8552,165.107,165.9752,1252881,ENERGY
CVX,2024-05-06T16:00:00Z,168.4779,173.4938,167.0904,172.0767,917552,ENERGY
KO,2024-05-06T16:00:00Z,198.5405,199.3112,195.5301,196.2921,827594,STAPLES
PG,2024-05-06T16:00:00Z,236.9466,238.6856,236.8759,238.6144,1189654,STAPLES
AAPL,2024-05-07T16:00:00Z,43.1587,43.2158,42.801,42.8577,1152732,TECH
MSFT,2024-05-07T16:00:00Z,57.6841,57.9863,53.4962,53.7779,765100,TECH
NVDA,2024-05-07T16:00:00Z,68.5657,68.6625,67.3171,67.4122,717501,TECH
JPM,2024-05-07T16:00:00Z,92.2056,92.425,89.7623,89.9764,1550999,FINANCIALS
GS,2024-05-07T16:00:00Z,123.2047,123.5584,119.0713,119.4142,818590,FINANCIALS
BAC,2024-05-07T16:00:00Z,124.498,124.7176,119.6913,119.9028,1174777,FINANCIALS
XOM,2024-05-07T16:00:00Z,165.9636,173.0767,165.2868,172.3738,1324219,ENERGY
CVX,2024-05-07T16:00:00Z,172.4326,177.8629,171.98,177.3973,1175082,ENERGY
KO,2024-05-07T16:00:00Z,196.342,196.8184,186.5016,186.9552,761175,STAPLES
PG,2024-05-07T16:00:00Z,238.7113,238.7315,236.9328,236.9529,760139,STAPLES
AAPL,2024-05-08T16:00:00Z,42.8584,42.9991,41.9877,42.1259,703812,TECH
MSFT,2024-05-08T16:00:00Z,53.7854,54.0735,49.9788,50.2479,1073576,TECH
NVDA,2024-05-08T16:00:00Z,67.4115,67.4568,66.3623,66.4069,1105302,TECH
JPM,2024-05-08T16:00:00Z,90.0253,91.2518,89.3904,90.6128,917211,FINANCIALS
GS,2024-05-08T16:00:00Z,119.4396,120.2802,113.0787,113.8802,1229843,FINANCIALS
BAC,2024-05-08T16:00:00Z,119.9908,120.1423,119.7165,119.8678,832124,FINANCIALS
XOM,2024-05-08T16:00:00Z,172.7732,172.8571,167.8684,167.9499,741011,ENERGY
CVX,2024-05-08T16:00:00Z,177.1243,177.7842,170.303,170.9398,1511517,ENERGY
KO,2024-05-08T16:00:00Z,187.1991,191.0471,186.0118,189.843,1262521,STAPLES
PG,2024-05-08T16:00:00Z,236.7862,237.1388,228.2926,228.6331,1351358,STAPLES
AAPL,2024-05-09T16:00:00Z,42.1323,42.2547,41.9342,42.0565,826717,TECH
MSFT,2024-05-09T16:00:00Z,50.17,50.4626,49.9991,50.2913,1368540,TECH
NVDA,2024-05-09T16:00:00Z,66.4545,66.5424,62.8695,62.9528,1382256,TECH
JPM,2024-05-09T16:00:00Z,90.5588,93.3793,90.0807,92.8888,752810,FINANCIALS
GS,2024-05-09T16:00:00Z,113.9959,114.0071,113.7811,113.7922,1581794,FINANCIALS
BAC,2024-05-09T16:00:00Z,119.8698,122.918,119.5655,122.6068,1108033,FINANCIALS
XOM,2024-05-09T16:00:00Z,167.912,168.0194,161.7667,161.8702,1235945,ENERGY
CVX,2024-05-09T16:00:00Z,170.8443,172.7517,170.69,172.5957,858292,ENERGY
KO,2024-05-09T16:00:00Z,189.6422,191.4326,189.6298,191.42,1263219,STAPLES
PG,2024-05-09T16:00:00Z,228.6987,230.0717,224.6909,226.048,818549,STAPLES
AAPL,2024-05-10T16:00:00Z,41.9984,42.7113,41.9496,42.6617,1479725,TECH
MSFT,2024-05-10T16:00:00Z,50.3328,53.3882,50.1443,53.189,706608,TECH
NVDA,2024-05-10T16:00:00Z,62.8628,63.9142,62.5687,63.6165,1301030,TECH
JPM,2024-05-10T16:00:00Z,92.8208,99.1767,92.5081,98.8437,1283617,FINANCIALS
GS,2024-05-10T16:00:00Z,113.6661,119.1592,113.4506,118.9338,1481944,FINANCIALS
BAC,2024-05-10T16:00:00Z,122.3761,124.3854,122.0134,124.0178,1071892,FINANCIALS
XOM,2024-05-10T16:00:00Z,161.9144,169.9453,161.1794,169.1774,1216118,ENERGY
CVX,2024-05-10T16:00:00Z,172.65,177.0333,172.6148,176.9971,753147,ENERGY
KO,2024-05-10T16:00:00Z,191.2721,196.0712,190.3685,195.1492,1056549,STAPLES
PG,2024-05-10T16:00:00Z,226.1272,228.2302,226.1106,228.2135,904120,STAPLES
AAPL,2024-05-13T16:00:00Z,42.7284,43.0825,42.5509,42.9042,1300043,TECH
MSFT,2024-05-13T16:00:00Z,53.0984,54.2653,52.813,53.9752,803600,TECH
NVDA,2024-05-13T16:00:00Z,63.638,66.081,63.5653,66.0056,1361140,TECH
JPM,2024-05-13T16:00:00Z,98.8898,100.5818,98.6376,100.3259,1322271,FINANCIALS
GS,2024-05-13T16:00:00Z,119.1754,119.3006,118.9287,119.0537,1240481,FINANCIALS
BAC,2024-05-13T16:00:00Z,124.1232,124.1806,122.5056,122.5623,706977,FINANCIALS
XOM,2024-05-13T16:00:00Z,168.979,169.1055,162.689,162.8108,1477552,ENERGY
CVX,2024-05-13T16:00:00Z,176.7465,177.5349,173.3997,174.1765,1063345,ENERGY
KO,2024-05-13T16:00:00Z,195.0225,197.5985,194.4561,197.0264,1326070,STAPLES
PG,2024-05-13T16:00:00Z,228.2285,229.544,227.4918,228.8054,877880,STAPLES
AAPL,2024-05-14T16:00:00Z,42.9666,43.074,42.531,42.6375,900353,TECH
MSFT,2024-05-14T16:00:00Z,54.0798,54.1562,52.8291,52.9038,827375,TECH
NVDA,2024-05-14T16:00:00Z,66.0177,69.2856,65.9087,69.1714,1128575,TECH
JPM,2024-05-14T16:00:00Z,100.4089,100.8746,100.2056,100.6707,1573284,FINANCIALS
GS,2024-05-14T16:00:00Z,119.0336,119.0919,117.9186,117.9764,1400535,FINANCIALS
BAC,2024-05-14T16:00:00Z,122.4511,122.6539,121.3949,121.5964,1371416,FINANCIALS
XOM,2024-05-14T16:00:00Z,162.7695,162.8653,157.6528,157.7457,1047046,ENERGY
CVX,2024-05-14T16:00:00Z,174.0785,174.6206,162.7542,163.2626,807822,ENERGY
KO,2024-05-14T16:00:00Z,197.5068,198.1903,196.512,197.1945,729807,STAPLES
PG,2024-05-14T16:00:00Z,228.5095,233.3798,227.588,232.4425,1550459,STAPLES
AAPL,2024-05-15T16:00:00Z,42.6973,43.9064,42.683,43.8918,1435746,TECH
MSFT,2024-05-15T16:00:00Z,52.8825,52.9398,50.3742,50.4287,900214,TECH
NVDA,2024-05-15T16:00:00Z,69.2792,69.427,68.8894,69.0367,744079,TECH
JPM,2024-05-15T16:00:00Z,100.6992,100.7903,100.3787,100.4696,1202570,FINANCIALS
GS,2024-05-15T16:00:00Z,118.0254,118.7011,114.1754,114.8328,703557,FINANCIALS
BAC,2024-05-15T16:00:00Z,121.5079,123.8452,121.4951,123.8322,1528145,FINANCIALS
XOM,2024-05-15T16:00:00Z,157.6008,161.7423,157.3939,161.5303,886776,ENERGY
CVX,2024-05-15T16:00:00Z,163.2561,163.3641,162.5151,162.6227,947261,ENERGY
KO,2024-05-15T16:00:00Z,197.1839,197.725,193.5993,194.1321,1027893,STAPLES
PG,2024-05-15T16:00:00Z,232.3622,236.8884,231.6576,236.1722,703129,STAPLES
AAPL,2024-05-16T16:00:00Z,43.8643,43.9624,43.0141,43.1105,1343979,TECH
MSFT,2024-05-16T16:00:00Z,50.4193,51.425,50.3954,51.4006,1017073,TECH
NVDA,2024-05-16T16:00:00Z,69.0456,70.0965,68.9678,70.0176,1277789,TECH
JPM,2024-05-16T16:00:00Z,100.4892,103.2077,100.4563,103.1739,1426656,FINANCIALS
GS,2024-05-16T16:00:00Z,114.8107,118.0616,114.7631,118.0126,1384831,FINANCIALS
BAC,2024-05-16T16:00:00Z,123.6055,124.0387,117.4104,117.8233,1166468,FINANCIALS
XOM,2024-05-16T16:00:00Z,161.9188,163.2108,158.6347,159.9107,1245316,ENERGY
CVX,2024-05-16T16:00:00Z,162.7044,163.0151,152.1119,152.4029,1040146,ENERGY
KO,2024-05-16T16:00:00Z,194.7899,195.907,194.1822,195.2978,843596,STAPLES
PG,2024-05-16T16:00:00Z,235.8825,238.0481,230.7185,232.8563,993599,STAPLES
AAPL,2024-05-17T16:00:00Z,43.0737,43.195,43.0271,43.1482,1237536,TECH
MSFT,2024-05-17T16:00:00Z,51.399,51.7316,50.217,50.5441,1284178,TECH
NVDA,2024-05-17T16:00:00Z,69.9936,70.1178,68.7633,68.8856,967391,TECH
JPM,2024-05-17T16:00:00Z,103.2628,104.4404,103.2514,104.4289,1455214,FINANCIALS
GS,2024-05-17T16:00:00Z,117.9041,118.2251,117.4877,117.8084,743414,FINANCIALS
BAC,2024-05-17T16:00:00Z,117.7806,119.4994,117.7131,119.4309,1077470,FINANCIALS
XOM,2024-05-17T16:00:00Z,159.6634,169.4178,159.373,169.1102,887244,ENERGY
CVX,2024-05-17T16:00:00Z,152.5828,153.3909,149.9884,150.7871,1390163,ENERGY
KO,2024-05-17T16:00:00Z,195.3479,196.3122,189.6313,190.572,1096961,STAPLES
PG,2024-05-17T16:00:00Z,232.5895,236.508,232.114,236.0255,1333330,STAPLES
AAPL,2024-05-20T16:00:00Z,43.1342,43.9104,43.0351,43.8098,1296957,TECH
MSFT,2024-05-20T16:00:00Z,50.5226,50.785,50.4649,50.727,1101450,TECH
NVDA,2024-05-20T16:00:00Z,68.8444,70.6624,68.3603,70.169,1110120,TECH
JPM,2024-05-20T16:00:00Z,104.2352,104.4759,104.1174,104.3579,801772,FINANCIALS
GS,2024-05-20T16:00:00Z,117.4607,117.6943,115.9117,116.1426,825849,FINANCIALS
BAC,2024-05-20T16:00:00Z,119.5138,120.6758,119.3501,120.5108,1552486,FINANCIALS
XOM,2024-05-20T16:00:00Z,169.2278,176.1929,168.9331,175.8866,1476190,ENERGY
CVX,2024-05-20T16:00:00Z,150.6985,155.6863,150.3635,155.3409,1077406,ENERGY
KO,2024-05-20T16:00:00Z,190.2911,190.6394,189.3151,189.6622,1075768,STAPLES
PG,2024-05-20T16:00:00Z,235.6692,236.2793,226.0958,226.6827,899135,STAPLES
AAPL,2024-05-21T16:00:00Z,43.8499,44.7858,43.8148,44.75,742186,TECH
MSFT,2024-05-21T16:00:00Z,50.6376,50.9446,49.9841,50.289,1075530,TECH
NVDA,2024-05-21T16:00:00Z,70.2529,70.253,68.5648,68.5649,1217214,TECH
JPM,2024-05-21T16:00:00Z,104.3419,107.7063,104.0715,107.4279,1569768,FINANCIALS
GS,2024-05-21T16:00:00Z,116.2898,117.2277,115.4642,116.4013,1386771,FINANCIALS
BAC,2024-05-21T16:00:00Z,120.5219,120.8477,118.2779,118.5985,1207499,FINANCIALS
XOM,2024-05-21T16:00:00Z,175.872,181.8438,175.3413,181.2967,864893,ENERGY
CVX,2024-05-21T16:00:00Z,155.6508,155.8788,151.6534,151.876,714355,ENERGY
KO,2024-05-21T16:00:00Z,189.5984,192.9807,189.4157,192.7949,871880,STAPLES
PG,2024-05-21T16:00:00Z,226.8069,230.1981,226.222,229.606,1580176,STAPLES
AAPL,2024-05-22T16:00:00Z,44.7676,44.7989,43.8564,43.8871,845606,TECH
MSFT,2024-05-22T16:00:00Z,50.3291,50.4337,49.937,50.0411,739176,TECH
NVDA,2024-05-22T16:00:00Z,68.5616,68.5953,66.621,66.6539,1040437,TECH
JPM,2024-05-22T16:00:00Z,107.4899,107.5828,101.0871,101.1745,860573,FINANCIALS
GS,2024-05-22T16:00:00Z,116.6073,119.4443,116.3133,119.1439,975174,FINANCIALS
BAC,2024-05-22T16:00:00Z,118.7512,118.869,109.2348,109.3433,1299980,FINANCIALS
XOM,2024-05-22T16:00:00Z,181.2141,181.6535,176.4719,176.9008,957781,ENERGY
CVX,2024-05-22T16:00:00Z,151.8796,152.6864,148.2804,149.0723,1565200,ENERGY
KO,2024-05-22T16:00:00Z,192.9453,193.5729,188.2813,188.8957,1255787,STAPLES
PG,2024-05-22T16:00:00Z,229.8973,234.6528,229.204,233.9473,1467295,STAPLES
AAPL,2024-05-23T16:00:00Z,43.9055,44.1055,41.6776,41.8683,971005,TECH
MSFT,2024-05-23T16:00:00Z,50.1019,50.5729,50.0086,50.4788,1157681,TECH
NVDA,2024-05-23T16:00:00Z,66.5294,67.0439,65.6234,66.1349,868247,TECH
JPM,2024-05-23T16:00:00Z,101.1339,102.694,100.4433,101.9976,1082503,FINANCIALS
GS,2024-05-23T16:00:00Z,119.0693,119.8547,115.2681,116.0335,1279092,FINANCIALS
BAC,2024-05-23T16:00:00Z,109.3278,109.564,107.2897,107.522,1301650,FINANCIALS
XOM,2024-05-23T16:00:00Z,177.2292,178.2306,167.2858,168.2364,1516215,ENERGY
CVX,2024-05-23T16:00:00Z,149.0672,152.4991,148.5382,151.9598,743967,ENERGY
KO,2024-05-23T16:00:00Z,189.0941,190.4992,185.2898,186.677,1111528,STAPLES
PG,2024-05-23T16:00:00Z,233.8085,236.7216,233.606,236.5168,1037648,STAPLES
AAPL,2024-05-24T16:00:00Z,41.8833,42.2342,41.3505,41.6999,750557,TECH
MSFT,2024-05-24T16:00:00Z,50.5756,50.7024,49.5993,49.7239,1045735,TECH
NVDA,2024-05-24T16:00:00Z,66.0646,66.1097,63.9804,64.0242,783130,TECH
JPM,2024-05-24T16:00:00Z,101.7544,101.9334,100.5921,100.7694,1182957,FINANCIALS
GS,2024-05-24T16:00:00Z,116.1956,116.4362,113.0369,113.2715,1000971,FINANCIALS
BAC,2024-05-24T16:00:00Z,107.6453,107.9206,106.1114,106.3835,1228997,FINANCIALS
XOM,2024-05-24T16:00:00Z,168.2514,169.338,166.5941,167.6769,924459,ENERGY
CVX,2024-05-24T16:00:00Z,152.1712,152.5145,148.3626,148.698,1396914,ENERGY
KO,2024-05-24T16:00:00Z,186.1892,189.5515,185.7246,189.0797,1557242,STAPLES
PG,2024-05-24T16:00:00Z,236.5707,237.7044,231.5832,232.6983,1111835,STAPLES
AAPL,2024-05-27T16:00:00Z,41.6972,41.9683,41.482,41.7528,983729,TECH
MSFT,2024-05-27T16:00:00Z,49.6888,50.8315,49.5924,50.733,1108438,TECH
NVDA,2024-05-27T16:00:00Z,63.924,63.9284,62.3531,62.3573,1190585,TECH
JPM,2024-05-27T16:00:00Z,100.8266,100.827,98.8729,98.8733,1123435,FINANCIALS
GS,2024-05-27T16:00:00Z,113.1909,113.4957,111.8843,112.1864,1396521,FINANCIALS
BAC,2024-05-27T16:00:00Z,106.457,106.4714,100.4169,100.4306,1179522,FINANCIALS
XOM,2024-05-27T16:00:00Z,167.6971,168.6624,161.025,161.9572,800469,ENERGY
CVX,2024-05-27T16:00:00Z,148.5532,148.6172,146.7055,146.7687,1500930,ENERGY
KO,2024-05-27T16:00:00Z,188.8453,189.7746,188.0293,188.9581,759792,STAPLES
PG,2024-05-27T16:00:00Z,232.6529,235.3473,232.2941,234.9849,1476012,STAPLES
AAPL,2024-05-28T16:00:00Z,41.9147,41.9198,41.3158,41.3209,1332096,TECH
MSFT,2024-05-28T16:00:00Z,50.6303,52.3914,50.5618,52.3207,1476107,TECH
NVDA,2024-05-28T16:00:00Z,62.2801,62.2858,60.6774,60.6831,1115942,TECH
JPM,2024-05-28T16:00:00Z,98.9481,99.3268,97.1765,97.5499,1431561,FINANCIALS
GS,2024-05-28T16:00:00Z,112.1481,115.8422,111.9476,115.6354,1259046,FINANCIALS
BAC,2024-05-28T16:00:00Z,100.4342,103.0795,99.2342,101.8625,1139212,FINANCIALS
XOM,2024-05-28T16:00:00Z,161.8001,162.5339,157.0994,157.8152,1117528,ENERGY
CVX,2024-05-28T16:00:00Z,146.8303,149.8665,146.1553,149.1808,995746,ENERGY
KO,2024-05-28T16:00:00Z,188.8482,194.3138,187.8604,193.3027,1307914,STAPLES
PG,2024-05-28T16:00:00Z,235.3092,235.5727,230.8311,231.0899,1388950,STAPLES
AAPL,2024-05-29T16:00:00Z,41.3886,41.5313,41.0047,41.1465,1237794,TECH
MSFT,2024-05-29T16:00:00Z,52.3074,53.1659,52.2878,53.146,1429490,TECH
NVDA,2024-05-29T16:00:00Z,60.7718,60.9508,57.9422,58.1133,911403,TECH
JPM,2024-05-29T16:00:00Z,97.5286,97.8998,95.9173,96.2837,1084049,FINANCIALS
GS,2024-05-29T16:00:00Z,115.9811,118.5874,115.6225,118.2219,1137689,FINANCIALS
BAC,2024-05-29T16:00:00Z,101.9373,102.225,99.3012,99.5822,756613,FINANCIALS
XOM,2024-05-29T16:00:00Z,157.7858,158.6339,154.1416,154.9745,1253046,ENERGY
CVX,2024-05-29T16:00:00Z,149.0626,154.2299,148.941,154.1041,1166103,ENERGY
KO,2024-05-29T16:00:00Z,193.0172,193.2689,188.759,189.0054,1370987,STAPLES
PG,2024-05-29T16:00:00Z,231.8003,232.0834,222.7535,223.026,825660,STAPLES
AAPL,2024-05-30T16:00:00Z,41.0417,41.0726,40.388,40.4184,1419200,TECH
MSFT,2024-05-30T16:00:00Z,53.159,53.1915,51.473,51.5045,1253122,TECH
NVDA,2024-05-30T16:00:00Z,58.1696,58.3986,56.0667,56.2882,1558174,TECH
JPM,2024-05-30T16:00:00Z,96.3921,98.9848,96.2738,98.8635,954574,FINANCIALS
GS,2024-05-30T16:00:00Z,117.915,119.1871,117.1864,118.4552,969778,FINANCIALS
BAC,2024-05-30T16:00:00Z,99.5021,99.7968,98.2017,98.4933,1319555,FINANCIALS
XOM,2024-05-30T16:00:00Z,155.1549,155.7464,151.9841,152.5657,1388827,ENERGY
CVX,2024-05-30T16:00:00Z,154.1011,163.0288,153.672,162.5761,1522108,ENERGY
KO,2024-05-30T16:00:00Z,188.9301,190.1945,186.8087,188.0673,1497814,STAPLES
PG,2024-05-30T16:00:00Z,222.4626,223.978,218.1348,219.631,865580,STAPLES
AAPL,2024-05-31T16:00:00Z,40.4198,40.4365,39.0262,39.0424,1230057,TECH
MSFT,2024-05-31T16:00:00Z,51.4545,52.4938,51.4472,52.4863,1028712,TECH
NVDA,2024-05-31T16:00:00Z,56.354,58.3379,56.3238,58.3067,1289241,TECH
JPM,2024-05-31T16:00:00Z,98.9952,99.2145,93.6516,93.8595,1530955,FINANCIALS
GS,2024-05-31T16:00:00Z,118.6524,119.7513,118.4572,119.5546,1188056,FINANCIALS
BAC,2024-05-31T16:00:00Z,98.5643,98.7579,96.9378,97.1286,1371738,FINANCIALS
XOM,2024-05-31T16:00:00Z,152.2984,152.477,144.3325,144.502,1375101,ENERGY
CVX,2024-05-31T16:00:00Z,162.8876,163.5036,159.6711,160.2772,870357,ENERGY
KO,2024-05-31T16:00:00Z,187.9933,189.4304,187.6206,189.0556,872288,STAPLES
PG,2024-05-31T16:00:00Z,219.7381,220.1147,219.5101,219.8865,1240179,STAPLES
AAPL,2024-06-03T16:00:00Z,39.0212,39.9318,38.69,39.5958,947089,TECH
MSFT,2024-06-03T16:00:00Z,52.4874,52.7652,49.9851,50.2511,971720,TECH
NVDA,2024-06-03T16:00:00Z,58.3462,58.4108,57.5869,57.6508,810793,TECH
JPM,2024-06-03T16:00:00Z,93.6241,93.8196,90.6211,90.8107,1508993,FINANCIALS
GS,2024-06-03T16:00:00Z,119.5097,119.5388,119.3819,119.4111,1395375,FINANCIALS
BAC,2024-06-03T16:00:00Z,97.1021,98.0269,96.7628,97.6855,1303382,FINANCIALS
XOM,2024-06-03T16:00:00Z,144.6847,145.0724,140.5116,140.8891,765538,ENERGY
CVX,2024-06-03T16:00:00Z,160.1235,162.6185,159.8507,162.342,761303,ENERGY
KO,2024-06-03T16:00:00Z,189.3338,189.5824,180.8578,181.0955,870969,STAPLES
PG,2024-06-03T16:00:00Z,219.5432,224.3721,219.197,224.0189,913768,STAPLES
AAPL,2024-06-04T16:00:00Z,39.6345,40.4657,39.5446,40.3741,848650,TECH
MSFT,2024-06-04T16:00:00Z,50.3256,52.3748,50.3255,52.3747,1027214,TECH
NVDA,2024-06-04T16:00:00Z,57.6693,59.6763,57.5137,59.5157,1254242,TECH
JPM,2024-06-04T16:00:00Z,90.7101,93.9465,90.5704,93.802,1496749,FINANCIALS
GS,2024-06-04T16:00:00Z,119.5026,119.8321,118.8241,119.1526,984838,FINANCIALS
BAC,2024-06-04T16:00:00Z,97.7529,100.4147,97.7484,100.4101,1525104,FINANCIALS
XOM,2024-06-04T16:00:00Z,141.1728,143.4742,141.0469,143.3464,1491298,ENERGY
CVX,2024-06-04T16:00:00Z,162.4924,162.5388,155.2934,155.3377,1306757,ENERGY
KO,2024-06-04T16:00:00Z,181.2389,181.9647,180.6272,181.3525,1088510,STAPLES
PG,2024-06-04T16:00:00Z,224.0962,238.0174,223.5682,237.4579,1520316,STAPLES
AAPL,2024-06-05T16:00:00Z,40.3773,41.1293,40.3588,41.1105,1507110,TECH
MSFT,2024-06-05T16:00:00Z,52.3929,55.1513,52.3923,55.1507,715153,TECH
NVDA,2024-06-05T16:00:00Z,59.5947,61.1496,59.3515,60.901,945932,TECH
JPM,2024-06-05T16:00:00Z,93.8457,96.9125,93.7296,96.7928,1364147,FINANCIALS
GS,2024-06-05T16:00:00Z,119.0441,123.0844,118.1956,122.2134,1106217,FINANCIALS
BAC,2024-06-05T16:00:00Z,100.2773,106.2466,100.1239,106.0843,925232,FINANCIALS
XOM,2024-06-05T16:00:00Z,143.3483,143.4763,141.0621,141.1882,959005,ENERGY
CVX,2024-06-05T16:00:00Z,155.1625,159.6154,154.9425,159.3894,1357081,ENERGY
KO,2024-06-05T16:00:00Z,181.7193,184.455,181.4538,184.1859,1565564,STAPLES
PG,2024-06-05T16:00:00Z,237.433,238.0549,236.7087,237.3304,1381139,STAPLES
AAPL,2024-06-06T16:00:00Z,41.1627,41.4633,40.9331,41.2333,707336,TECH
MSFT,2024-06-06T16:00:00Z,55.1564,55.3029,53.7626,53.9057,777154,TECH
NVDA,2024-06-06T16:00:00Z,61.0052,61.9954,60.6049,61.5913,1075136,TECH
JPM,2024-06-06T16:00:00Z,96.7661,97.6485,93.5789,94.4401,1286888,FINANCIALS
GS,2024-06-06T16:00:00Z,122.0821,123.986,121.6726,123.5715,1178705,FINANCIALS
BAC,2024-06-06T16:00:00Z,105.9345,108.5396,105.5114,108.1078,925294,FINANCIALS
XOM,2024-06-06T16:00:00Z,141.1015,144.839,141.0612,144.7977,1188542,ENERGY
CVX,2024-06-06T16:00:00Z,159.3845,165.6368,158.9539,165.1905,1311009,ENERGY
KO,2024-06-06T16:00:00Z,184.2235,184.7769,179.5235,180.0645,907538,STAPLES
PG,2024-06-06T16:00:00Z,237.3495,239.6598,235.8916,238.1968,785517,STAPLES
AAPL,2024-06-07T16:00:00Z,41.2577,41.4535,40.3197,40.512,916899,TECH
MSFT,2024-06-07T16:00:00Z,53.7578,53.8306,51.2266,51.2961,1313012,TECH
NVDA,2024-06-07T16:00:00Z,61.5365,61.612,59.4711,59.5441,1057798,TECH
JPM,2024-06-07T16:00:00Z,94.4369,97.5235,94.4134,97.4992,1205039,FINANCIALS
GS,2024-06-07T16:00:00Z,123.4885,123.6494,120.313,120.47,1426907,FINANCIALS
BAC,2024-06-07T16:00:00Z,108.1332,108.3997,106.5369,106.8001,982791,FINANCIALS
XOM,2024-06-07T16:00:00Z,144.7451,148.9022,144.6859,148.8414,1242272,ENERGY
CVX,2024-06-07T16:00:00Z,165.1372,165.9447,164.9688,165.7757,955381,ENERGY
KO,2024-06-07T16:00:00Z,180.3222,180.6056,175.2316,175.5074,1369012,STAPLES
PG,2024-06-07T16:00:00Z,237.8209,246.2099,237.0793,245.4446,794472,STAPLES
AAPL,2024-06-10T16:00:00Z,40.543,40.7366,38.9827,39.1698,1321498,TECH
MSFT,2024-06-10T16:00:00Z,51.1854,51.2616,51.0535,51.1296,819919,TECH
NVDA,2024-06-10T16:00:00Z,59.5103,60.6721,59.2017,60.3591,812050,TECH
JPM,2024-06-10T16:00:00Z,97.4832,100.509,97.0537,100.0682,893888,FINANCIALS
GS,2024-06-10T16:00:00Z,120.7998,123.0126,120.4705,122.6782,1088199,FINANCIALS
BAC,2024-06-10T16:00:00Z,106.6365,112.6725,106.5793,112.612,1306745,FINANCIALS
XOM,2024-06-10T16:00:00Z,148.6183,149.3206,147.3245,148.024,1352547,ENERGY
CVX,2024-06-10T16:00:00Z,165.4849,169.9748,165.4671,169.9565,733815,ENERGY
KO,2024-06-10T16:00:00Z,175.5518,179.5171,175.0849,179.041,1559712,STAPLES
PG,2024-06-10T16:00:00Z,244.8081,245.3781,243.2454,243.8131,1547878,STAPLES
AAPL,2024-06-11T16:00:00Z,39.2142,39.4759,38.4768,38.7352,1442595,TECH
MSFT,2024-06-11T16:00:00Z,51.0698,51.2502,51.054,51.2343,753029,TECH
NVDA,2024-06-11T16:00:00Z,60.3138,64.4638,60.0464,64.1792,1093594,TECH
JPM,2024-06-11T16:00:00Z,100.1357,100.2578,97.142,97.2606,1534689,FINANCIALS
GS,2024-06-11T16:00:00Z,122.6975,122.7212,120.4595,120.4827,1250050,FINANCIALS
BAC,2024-06-11T16:00:00Z,112.7956,113.2409,109.812,110.2472,830633,FINANCIALS
XOM,2024-06-11T16:00:00Z,148.237,149.6269,144.1823,145.547,1134886,ENERGY
CVX,2024-06-11T16:00:00Z,169.7808,170.3514,161.9927,162.539,1081446,ENERGY
KO,2024-06-11T16:00:00Z,178.7197,179.2509,177.3837,177.9126,1556957,STAPLES
PG,2024-06-11T16:00:00Z,243.6626,246.2032,242.861,245.3959,1008663,STAPLES
AAPL,2024-06-12T16:00:00Z,38.6569,39.1813,38.6369,39.161,1288954,TECH
MSFT,2024-06-12T16:00:00Z,51.1307,51.2429,49.3335,49.442,1291857,TECH
NVDA,2024-06-12T16:00:00Z,64.1733,67.9766,63.8754,67.6625,1533020,TECH
JPM,2024-06-12T16:00:00Z,97.3003,98.0161,96.0674,96.7794,708225,FINANCIALS
GS,2024-06-12T16:00:00Z,120.5576,124.3248,120.5438,124.3106,990235,FINANCIALS
BAC,2024-06-12T16:00:00Z,110.1367,110.4012,103.6479,103.8975,825910,FINANCIALS
XOM,2024-06-12T16:00:00Z,145.5266,145.8094,144.4443,144.7255,1338723,ENERGY
CVX,2024-06-12T16:00:00Z,162.7053,166.5711,162.002,165.8542,1043082,ENERGY
KO,2024-06-12T16:00:00Z,177.7129,179.1337,177.7007,179.1214,1180077,STAPLES
PG,2024-06-12T16:00:00Z,245.0679,245.9903,244.3741,245.2958,1345533,STAPLES
AAPL,2024-06-13T16:00:00Z,39.0721,39.4893,38.9157,39.332,1171643,TECH
MSFT,2024-06-13T16:00:00Z,49.5063,49.7595,47.1675,47.41,776570,TECH
NVDA,2024-06-13T16:00:00Z,67.586,68.8353,67.2591,68.5041,1531128,TECH
JPM,2024-06-13T16:00:00Z,96.7387,97.2964,95.573,96.1271,938658,FINANCIALS
GS,2024-06-13T16:00:00Z,124.3411,124.423,123.8744,123.956,1136765,FINANCIALS
BAC,2024-06-13T16:00:00Z,103.6544,103.6753,103.2341,103.2549,1241444,FINANCIALS
XOM,2024-06-13T16:00:00Z,144.8144,145.6877,144.6225,145.4949,1121439,ENERGY
CVX,2024-06-13T16:00:00Z,165.7268,166.4282,162.5043,163.1949,1084304,ENERGY
KO,2024-06-13T16:00:00Z,179.1653,179.7615,174.8575,175.4413,1547628,STAPLES
PG,2024-06-13T16:00:00Z,245.2719,250.6291,243.6932,249.0262,855159,STAPLES
AAPL,2024-06-14T16:00:00Z,39.3631,40.5786,39.3191,40.5334,1167697,TECH
MSFT,2024-06-14T16:00:00Z,47.381,49.3551,47.3694,49.3431,1427583,TECH
NVDA,2024-06-14T16:00:00Z,68.3884,70.0554,68.1448,69.8067,1510516,TECH
JPM,2024-06-14T16:00:00Z,96.2185,96.2496,95.6395,95.6704,1445834,FINANCIALS
GS,2024-06-14T16:00:00Z,123.9555,129.388,123.8253,129.2521,1208484,FINANCIALS
BAC,2024-06-14T16:00:00Z,103.2324,107.3816,102.719,106.8502,1357873,FINANCIALS
XOM,2024-06-14T16:00:00Z,145.6006,149.2537,145.1259,148.7687,871605,ENERGY
CVX,2024-06-14T16:00:00Z,163.1102,163.4522,156.9688,157.2986,733972,ENERGY
KO,2024-06-14T16:00:00Z,175.7315,176.3333,172.3123,172.9044,896891,STAPLES
PG,2024-06-14T16:00:00Z,248.5777,248.971,242.5283,242.9126,1417095,STAPLES
AAPL,2024-06-17T16:00:00Z,40.488,40.4895,39.4599,39.4613,747162,TECH
MSFT,2024-06-17T16:00:00Z,49.3554,49.4522,48.5271,48.6225,1475715,TECH
NVDA,2024-06-17T16:00:00Z,69.7908,70.041,67.8436,68.0877,933425,TECH
JPM,2024-06-17T16:00:00Z,95.8167,96.1374,91.823,92.1313,983769,FINANCIALS
GS,2024-06-17T16:00:00Z,129.3936,129.6773,124.2878,124.5609,839768,FINANCIALS
BAC,2024-06-17T16:00:00Z,106.8531,107.5292,105.884,106.5582,1155682,FINANCIALS
XOM,2024-06-17T16:00:00Z,149.1061,150.1401,148.3568,149.3894,902604,ENERGY
CVX,2024-06-17T16:00:00Z,157.6098,157.9445,157.4934,157.828,740399,ENERGY
KO,2024-06-17T16:00:00Z,172.548,174.5079,171.6239,173.5783,734312,STAPLES
PG,2024-06-17T16:00:00Z,242.8524,242.8912,241.6705,241.7091,1265863,STAPLES
AAPL,2024-06-18T16:00:00Z,39.4568,40.2377,39.3002,40.0786,711816,TECH
MSFT,2024-06-18T16:00:00Z,48.559,48.9947,46.2854,46.7045,1278044,TECH
NVDA,2024-06-18T16:00:00Z,68.1237,68.1761,64.8212,64.8711,1181886,TECH
JPM,2024-06-18T16:00:00Z,92.1282,92.3519,88.9723,89.1889,1114921,FINANCIALS
GS,2024-06-18T16:00:00Z,124.6987,127.43,124.2278,126.9505,1404993,FINANCIALS
BAC,2024-06-18T16:00:00Z,106.4637,107.9913,106.1648,107.6889,1178441,FINANCIALS
XOM,2024-06-18T16:00:00Z,149.2127,149.8948,148.9955,149.677,841218,ENERGY
CVX,2024-06-18T16:00:00Z,157.6076,158.7358,152.1054,153.2021,758129,ENERGY
KO,2024-06-18T16:00:00Z,173.4138,179.5592,173.1122,179.2474,1229373,STAPLES
PG,2024-06-18T16:00:00Z,241.6057,243.7217,241.046,243.1584,970558,STAPLES
AAPL,2024-06-19T16:00:00Z,40.0867,40.0872,39.5913,39.5918,1502641,TECH
MSFT,2024-06-19T16:00:00Z,46.7343,46.8095,45.7435,45.8173,847064,TECH
NVDA,2024-06-19T16:00:00Z,64.9163,68.9443,64.8616,68.8862,1082712,TECH
JPM,2024-06-19T16:00:00Z,89.1356,90.0302,88.8611,89.7537,1359011,FINANCIALS
GS,2024-06-19T16:00:00Z,126.7263,126.8756,125.2927,125.4405,870778,FINANCIALS
BAC,2024-06-19T16:00:00Z,107.7721,110.5088,107.5828,110.315,909853,FINANCIALS
XOM,2024-06-19T16:00:00Z,149.7846,160.5809,149.6283,160.4135,760721,ENERGY
CVX,2024-06-19T16:00:00Z,153.0701,154.6746,152.749,154.3508,907586,ENERGY
KO,2024-06-19T16:00:00Z,179.0714,188.9325,178.4914,188.3226,1312293,STAPLES
PG,2024-06-19T16:00:00Z,243.1181,246.3985,242.8966,246.1742,731938,STAPLES
AAPL,2024-06-20T16:00:00Z,39.6466,40.7876,39.459,40.5955,1488059,TECH
MSFT,2024-06-20T16:00:00Z,45.7999,47.5751,45.6434,47.413,1178896,TECH
NVDA,2024-06-20T16:00:00Z,68.9106,75.4889,68.7886,75.3555,1088233,TECH
JPM,2024-06-20T16:00:00Z,89.5139,92.4066,89.2879,92.1739,975553,FINANCIALS
GS,2024-06-20T16:00:00Z,125.7079,131.7763,125.3081,131.3586,1422455,FINANCIALS
BAC,2024-06-20T16:00:00Z,110.4041,115.169,110.1549,114.9096,1440115,FINANCIALS
XOM,2024-06-20T16:00:00Z,160.4162,163.595,160.1049,163.278,1076105,ENERGY
CVX,2024-06-20T16:00:00Z,154.2552,158.3553,153.7046,157.7922,1092133,ENERGY
KO,2024-06-20T16:00:00Z,188.2881,194.7735,187.5847,194.0485,1260142,STAPLES
PG,2024-06-20T16:00:00Z,246.6521,254.7884,245.7366,253.8462,1491071,STAPLES
AAPL,2024-06-21T16:00:00Z,40.5783,40.6606,39.1947,39.2742,1511756,TECH
MSFT,2024-06-21T16:00:00Z,47.4259,47.579,45.8535,46.0019,1003336,TECH
NVDA,2024-06-21T16:00:00Z,75.3291,75.4838,73.7616,73.9134,1314096,TECH
JPM,2024-06-21T16:00:00Z,92.1683,93.5749,91.9576,93.3615,1385872,FINANCIALS
GS,2024-06-21T16:00:00Z,131.5007,131.7325,129.8594,130.0886,1036915,FINANCIALS
BAC,2024-06-21T16:00:00Z,114.8631,115.4328,113.7466,114.3135,1301420,FINANCIALS
XOM,2024-06-21T16:00:00Z,163.2599,163.8604,155.2251,155.7981,1260914,ENERGY
CVX,2024-06-21T16:00:00Z,157.9072,167.0347,157.6558,166.7692,911102,ENERGY
KO,2024-06-21T16:00:00Z,194.0515,194.1864,185.6834,185.8126,1205002,STAPLES
PG,2024-06-21T16:00:00Z,254.0421,254.3422,252.4176,252.7161,1322824,STAPLES
AAPL,2024-06-24T16:00:00Z,39.3309,39.3563,39.2001,39.2254,1371763,TECH
MSFT,2024-06-24T16:00:00Z,45.9613,46.4174,45.0392,45.4905,1330884,TECH
NVDA,2024-06-24T16:00:00Z,73.8835,74.2385,69.7533,70.0902,1212170,TECH
JPM,2024-06-24T16:00:00Z,93.147,93.445,92.8909,93.1887,1502765,FINANCIALS
GS,2024-06-24T16:00:00Z,129.6989,130.3478,124.1017,124.7256,1060108,FINANCIALS
BAC,2024-06-24T16:00:00Z,114.5125,114.6863,111.9979,112.1682,1592418,FINANCIALS
XOM,2024-06-24T16:00:00Z,155.9557,157.1128,153.6361,154.7846,1302983,ENERGY
CVX,2024-06-24T16:00:00Z,166.8068,167.1392,166.5917,166.9239,821036,ENERGY
KO,2024-06-24T16:00:00Z,185.5185,186.5551,184.2233,185.2585,921527,STAPLES
PG,2024-06-24T16:00:00Z,253.0375,253.119,238.2274,238.3042,724210,STAPLES
AAPL,2024-06-25T16:00:00Z,39.2586,39.9538,39.2561,39.9512,1072324,TECH
MSFT,2024-06-25T16:00:00Z,45.4751,47.4588,45.353,47.3317,1076720,TECH
NVDA,2024-06-25T16:00:00Z,70.0378,70.3926,69.1544,69.5065,1578951,TECH
JPM,2024-06-25T16:00:00Z,93.0813,94.8056,92.9667,94.689,973753,FINANCIALS
GS,2024-06-25T16:00:00Z,124.7317,124.9746,122.0221,122.2602,972043,FINANCIALS
BAC,2024-06-25T16:00:00Z,112.4056,116.2805,112.3554,116.2287,1023282,FINANCIALS
XOM,2024-06-25T16:00:00Z,154.8568,162.2456,154.6654,162.0453,881007,ENERGY
CVX,2024-06-25T16:00:00Z,166.83,170.969,166.8019,170.9401,1593085,ENERGY
KO,2024-06-25T16:00:00Z,184.9383,191.3604,184.4086,190.8138,891616,STAPLES
PG,2024-06-25T16:00:00Z,238.2789,242.1086,237.8524,241.676,1116231,STAPLES
AAPL,2024-06-26T16:00:00Z,39.9183,39.9609,39.403,39.4451,1355559,TECH
MSFT,2024-06-26T16:00:00Z,47.3471,47.4915,46.2191,46.3605,1452549,TECH
NVDA,2024-06-26T16:00:00Z,69.6442,69.7339,68.9461,69.035,1068359,TECH
JPM,2024-06-26T16:00:00Z,94.7679,95.1224,89.3688,89.7043,1322483,FINANCIALS
GS,2024-06-26T16:00:00Z,122.2455,122.7354,120.2478,120.7317,1184958,FINANCIALS
BAC,2024-06-26T16:00:00Z,116.2969,116.3098,107.0861,107.0979,1488020,FINANCIALS
XOM,2024-06-26T16:00:00Z,162.1922,162.451,160.0646,160.3204,710789,ENERGY
CVX,2024-06-26T16:00:00Z,171.1169,171.4753,167.6068,167.9586,825430,ENERGY
KO,2024-06-26T16:00:00Z,190.9334,191.1667,188.2814,188.5118,1537715,STAPLES
PG,2024-06-26T16:00:00Z,242.0149,243.2801,241.1122,242.3761,1213055,STAPLES
AAPL,2024-06-27T16:00:00Z,39.446,40.8782,39.1302,40.5535,754959,TECH
MSFT,2024-06-27T16:00:00Z,46.3107,48.4807,46.2398,48.4066,1490668,TECH
NVDA,2024-06-27T16:00:00Z,69.0428,69.3499,65.351,65.643,1353772,TECH
JPM,2024-06-27T16:00:00Z,89.6291,90.4785,84.6843,85.4945,1166702,FINANCIALS
GS,2024-06-27T16:00:00Z,120.7351,125.9326,120.4251,125.6102,943975,FINANCIALS
BAC,2024-06-27T16:00:00Z,107.3641,107.6988,106.5663,106.8996,1118882,FINANCIALS
XOM,2024-06-27T16:00:00Z,160.3291,161.0996,159.9353,160.705,1105627,ENERGY
CVX,2024-06-27T16:00:00Z,167.9515,168.2015,163.4672,163.7109,1071053,ENERGY
KO,2024-06-27T16:00:00Z,188.3935,192.1263,187.3378,191.0557,1150176,STAPLES
PG,2024-06-27T16:00:00Z,241.8773,244.0035,234.8556,236.9384,1163562,STAPLES
AAPL,2024-06-28T16:00:00Z,40.5922,41.1966,40.5295,41.1331,1448144,TECH
MSFT,2024-06-28T16:00:00Z,48.3056,49.8724,48.3031,49.8699,911132,TECH
NVDA,2024-06-28T16:00:00Z,65.7459,66.863,65.7099,66.8264,799544,TECH
JPM,2024-06-28T16:00:00Z,85.575,85.8081,85.1365,85.369,710730,FINANCIALS
GS,2024-06-28T16:00:00Z,125.5001,125.6678,124.0983,124.2643,834485,FINANCIALS
BAC,2024-06-28T16:00:00Z,106.8963,109.6722,106.7544,109.5268,1549392,FINANCIALS
XOM,2024-06-28T16:00:00Z,161.0464,161.682,158.4126,159.0403,735763,ENERGY
CVX,2024-06-28T16:00:00Z,163.9225,164.9801,163.7136,164.7702,921435,ENERGY
KO,2024-06-28T16:00:00Z,191.1205,192.0109,185.8105,186.6802,1022799,STAPLES
PG,2024-06-28T16:00:00Z,236.5902,236.664,232.8169,232.8895,1566787,STAPLES
AAPL,2024-07-01T16:00:00Z,41.0958,41.2391,40.6512,40.7934,1130172,TECH
MSFT,2024-07-01T16:00:00Z,49.8424,50.3281,49.6995,50.1842,1580537,TECH
NVDA,2024-07-01T16:00:00Z,66.8722,66.9802,66.078,66.185,878125,TECH
JPM,2024-07-01T16:00:00Z,85.5139,86.2417,82.7516,83.462,1303039,FINANCIALS
GS,2024-07-01T16:00:00Z,124.4059,124.7801,121.7909,122.1583,1264647,FINANCIALS
BAC,2024-07-01T16:00:00Z,109.4709,110.1418,107.8708,108.5359,1326848,FINANCIALS
XOM,2024-07-01T16:00:00Z,158.9704,163.1506,158.2651,162.43,1394135,ENERGY
CVX,2024-07-01T16:00:00Z,164.7727,165.7946,159.2174,160.2109,1083754,ENERGY
KO,2024-07-01T16:00:00Z,186.7876,186.9318,181.395,181.5351,1138916,STAPLES
PG,2024-07-01T16:00:00Z,233.0734,233.4809,220.8951,221.282,1476880,STAPLES
AAPL,2024-07-02T16:00:00Z,40.7811,40.8598,40.5765,40.6549,898540,TECH
MSFT,2024-07-02T16:00:00Z,50.2285,50.2629,48.8135,48.847,1370677,TECH
NVDA,2024-07-02T16:00:00Z,66.1522,66.291,64.6976,64.8335,1464571,TECH
JPM,2024-07-02T16:00:00Z,83.5761,83.7226,81.5852,81.7285,1409531,FINANCIALS
GS,2024-07-02T16:00:00Z,122.1373,122.6623,120.4552,120.9753,831408,FINANCIALS
BAC,2024-07-02T16:00:00Z,108.5393,108.8236,107.2311,107.5128,1491648,FINANCIALS
XOM,2024-07-02T16:00:00Z,162.5716,162.9437,157.8174,158.1795,1240480,ENERGY
CVX,2024-07-02T16:00:00Z,160.2266,160.5652,156.8438,157.176,1583079,ENERGY
KO,2024-07-02T16:00:00Z,181.2342,181.4723,180.7428,180.9806,1337236,STAPLES
PG,2024-07-02T16:00:00Z,220.8674,222.1515,219.9071,221.1897,891095,STAPLES
AAPL,2024-07-03T16:00:00Z,40.6188,41.3338,40.2376,40.9495,877890,TECH
MSFT,2024-07-03T16:00:00Z,48.8402,49.2098,48.8152,49.1847,1419689,TECH
NVDA,2024-07-03T16:00:00Z,64.9669,65.3394,63.0331,63.3966,807812,TECH
JPM,2024-07-03T16:00:00Z,81.6276,82.2765,81.5881,82.2366,1397325,FINANCIALS
GS,2024-07-03T16:00:00Z,120.8747,120.9106,120.8614,120.8973,710696,FINANCIALS
BAC,2024-07-03T16:00:00Z,107.6241,108.2844,106.575,107.2329,1024056,FINANCIALS
XOM,2024-07-03T16:00:00Z,157.8799,158.7093,156.5851,157.412,829591,ENERGY
CVX,2024-07-03T16:00:00Z,156.8847,159.3904,156.1321,158.6295,1431979,ENERGY
KO,2024-07-03T16:00:00Z,180.9794,181.9529,180.6724,181.6447,851700,STAPLES
PG,2024-07-03T16:00:00Z,221.3241,221.9367,219.8505,220.4607,1513253,STAPLES
AAPL,2024-07-04T16:00:00Z,40.9351,40.9666,40.5437,40.5749,842847,TECH
MSFT,2024-07-04T16:00:00Z,49.21,49.466,48.6912,48.9458,873482,TECH
NVDA,2024-07-04T16:00:00Z,63.3559,63.9477,63.0787,63.6692,1016273,TECH
JPM,2024-07-04T16:00:00Z,82.1222,83.1078,81.6058,82.5885,1449519,FINANCIALS
GS,2024-07-04T16:00:00Z,120.9347,121.3454,120.2321,120.6418,1591304,FINANCIALS
BAC,2024-07-04T16:00:00Z,107.2804,107.7074,105.1628,105.5831,754202,FINANCIALS
XOM,2024-07-04T16:00:00Z,157.4029,158.5076,157.3556,158.46,915216,ENERGY
CVX,2024-07-04T16:00:00Z,158.569,161.233,157.2427,159.8956,701710,ENERGY
KO,2024-07-04T16:00:00Z,181.4005,181.6428,179.3164,179.5561,707985,STAPLES
PG,2024-07-04T16:00:00Z,220.4959,225.1344,219.2807,223.9004,1133230,STAPLES
AAPL,2024-07-05T16:00:00Z,40.51,41.4655,40.1727,41.1231,906107,TECH
MSFT,2024-07-05T16:00:00Z,48.9624,49.022,48.6896,48.7489,1086986,TECH
NVDA,2024-07-05T16:00:00Z,63.6858,64.4134,63.4689,64.1948,1156273,TECH
JPM,2024-07-05T16:00:00Z,82.6909,82.9451,82.6189,82.8729,1454322,FINANCIALS
GS,2024-07-05T16:00:00Z,120.765,121.0477,119.3224,119.6024,820406,FINANCIALS
BAC,2024-07-05T16:00:00Z,105.8164,106.105,105.5145,105.8031,1367057,FINANCIALS
XOM,2024-07-05T16:00:00Z,158.6319,159.4694,158.1276,158.9641,1180854,ENERGY
CVX,2024-07-05T16:00:00Z,160.0645,161.2639,159.4268,160.624,1062624,ENERGY
KO,2024-07-05T16:00:00Z,179.7236,181.8535,179.2525,181.3781,1403647,STAPLES
PG,2024-07-05T16:00:00Z,224.4846,224.5912,222.8639,222.9698,747581,STAPLES
AAPL,2024-07-08T16:00:00Z,41.0966,41.1049,40.5246,40.5328,1216048,TECH
MSFT,2024-07-08T16:00:00Z,48.7054,48.7355,48.443,48.473,1097151,TECH
NVDA,2024-07-08T16:00:00Z,64.1843,64.3216,64.0369,64.1742,853908,TECH
JPM,2024-07-08T16:00:00Z,82.8862,83.1121,82.6122,82.8379,712633,FINANCIALS
GS,2024-07-08T16:00:00Z,119.8281,119.8687,118.6291,118.6693,1380902,FINANCIALS
BAC,2024-07-08T16:00:00Z,105.7005,106.1031,105.6355,106.0379,908867,FINANCIALS
XOM,2024-07-08T16:00:00Z,158.6424,159.125,155.4987,155.9732,931433,ENERGY
CVX,2024-07-08T16:00:00Z,160.4144,160.5956,158.7637,158.9432,714388,ENERGY
KO,2024-07-08T16:00:00Z,181.2571,185.2792,180.7665,184.779,1069499,STAPLES
PG,2024-07-08T16:00:00Z,222.8499,225.76,222.8497,225.7598,1028393,STAPLES
AAPL,2024-07-09T16:00:00Z,40.5269,41.427,40.3617,41.2587,1103965,TECH
MSFT,2024-07-09T16:00:00Z,48.4609,48.6722,48.3687,48.5798,1327964,TECH
NVDA,2024-07-09T16:00:00Z,64.2368,64.9349,64.1058,64.8028,920260,TECH
JPM,2024-07-09T16:00:00Z,82.7779,83.1448,82.4954,82.862,1319045,FINANCIALS
GS,2024-07-09T16:00:00Z,118.5982,120.2063,117.8893,119.4921,1486511,FINANCIALS
BAC,2024-07-09T16:00:00Z,105.8353,106.0276,105.5064,105.6984,1580013,FINANCIALS
XOM,2024-07-09T16:00:00Z,155.9812,156.887,155.9308,156.8363,861123,ENERGY
CVX,2024-07-09T16:00:00Z,158.8712,161.5613,158.4456,161.1297,1030627,ENERGY
KO,2024-07-09T16:00:00Z,185.0488,187.0422,184.0594,186.0475,797262,STAPLES
PG,2024-07-09T16:00:00Z,225.7486,225.938,224.4353,224.6238,882373,STAPLES
AAPL,2024-07-10T16:00:00Z,41.2481,42.6403,41.1185,42.5068,1380530,TECH
MSFT,2024-07-10T16:00:00Z,48.5366,48.7331,48.0972,48.2927,1142663,TECH
NVDA,2024-07-10T16:00:00Z,64.7969,65.5689,64.3144,65.0843,903650,TECH
JPM,2024-07-10T16:00:00Z,82.7851,84.5621,82.6442,84.4183,995424,FINANCIALS
GS,2024-07-10T16:00:00Z,119.5448,123.7803,118.0495,122.2512,705776,FINANCIALS
BAC,2024-07-10T16:00:00Z,105.921,107.5421,105.3758,106.9913,704955,FINANCIALS
XOM,2024-07-10T16:00:00Z,156.7166,159.7495,155.9922,159.0145,841765,ENERGY
CVX,2024-07-10T16:00:00Z,161.6671,162.0336,159.4717,159.8341,1372749,ENERGY
KO,2024-07-10T16:00:00Z,186.0873,189.6103,185.927,189.4471,938131,STAPLES
PG,2024-07-10T16:00:00Z,224.3282,225.3421,223.8819,224.8947,1148553,STAPLES
AAPL,2024-07-11T16:00:00Z,42.4922,42.7107,41.6437,41.859,1216415,TECH
MSFT,2024-07-11T16:00:00Z,48.3269,48.5756,47.0314,47.2747,924749,TECH
NVDA,2024-07-11T16:00:00Z,64.9579,65.1715,64.9453,65.1588,989634,TECH
JPM,2024-07-11T16:00:00Z,84.457,84.5945,82.4709,82.6054,778819,FINANCIALS
GS,2024-07-11T16:00:00Z,122.2539,123.2074,118.4609,119.3921,910460,FINANCIALS
BAC,2024-07-11T16:00:00Z,107.0448,107.5371,104.0069,104.4874,1373202,FINANCIALS
XOM,2024-07-11T16:00:00Z,158.8314,159.4974,156.2275,156.8853,806199,ENERGY
CVX,2024-07-11T16:00:00Z,159.9558,160.4876,159.9003,160.4319,1520360,ENERGY
KO,2024-07-11T16:00:00Z,189.75,190.6358,188.3497,189.2331,738922,STAPLES
PG,2024-07-11T16:00:00Z,225.2111,226.6038,219.0528,220.4158,1537821,STAPLES
AAPL,2024-07-12T16:00:00Z,41.9377,43.4279,41.5313,43.0111,774000,TECH
MSFT,2024-07-12T16:00:00Z,47.2938,47.9133,46.9247,47.5423,986179,TECH
NVDA,2024-07-12T16:00:00Z,65.0866,67.1465,64.8678,66.9216,965230,TECH
JPM,2024-07-12T16:00:00Z,82.5032,83.9686,82.3184,83.7809,1382978,FINANCIALS
GS,2024-07-12T16:00:00Z,119.4825,120.7438,118.6487,119.9071,1101268,FINANCIALS
BAC,2024-07-12T16:00:00Z,104.2188,107.8426,104.2086,107.8321,1468854,FINANCIALS
XOM,2024-07-12T16:00:00Z,157.1572,157.4988,155.8642,156.2037,841812,ENERGY
CVX,2024-07-12T16:00:00Z,160.5594,161.3771,160.4395,161.2567,840781,ENERGY
KO,2024-07-12T16:00:00Z,189.6173,190.83,188.9897,190.2005,1598038,STAPLES
PG,2024-07-12T16:00:00Z,220.6321,222.825,219.8826,222.0706,1236050,STAPLES
AAPL,2024-07-15T16:00:00Z,43.1239,43.1894,42.3916,42.4561,1037142,TECH
MSFT,2024-07-15T16:00:00Z,47.6057,47.6731,47.0574,47.1241,1046810,TECH
NVDA,2024-07-15T16:00:00Z,66.8797,66.9041,66.1038,66.128,757917,TECH
JPM,2024-07-15T16:00:00Z,83.7405,83.7464,81.9456,81.9513,1051561,FINANCIALS
GS,2024-07-15T16:00:00Z,119.7962,120.1836,118.0142,118.3971,1466587,FINANCIALS
BAC,2024-07-15T16:00:00Z,107.6976,108.1538,105.7158,106.1655,1510799,FINANCIALS
XOM,2024-07-15T16:00:00Z,156.666,156.8784,154.1008,154.31,897010,ENERGY
CVX,2024-07-15T16:00:00Z,161.0924,161.2107,160.0396,160.1572,971221,ENERGY
KO,2024-07-15T16:00:00Z,190.2296,191.8628,189.6176,191.2476,1109331,STAPLES
PG,2024-07-15T16:00:00Z,222.1067,223.1943,215.5926,216.6535,1194754,STAPLES
AAPL,2024-07-16T16:00:00Z,42.4785,42.5744,41.8381,41.9327,1388388,TECH
MSFT,2024-07-16T16:00:00Z,47.0478,47.1333,46.6039,46.6888,802378,TECH
NVDA,2024-07-16T16:00:00Z,66.0331,66.0896,64.0148,64.0696,966155,TECH
JPM,2024-07-16T16:00:00Z,82.0986,82.1853,81.2764,81.3623,1117103,FINANCIALS
GS,2024-07-16T16:00:00Z,118.2613,119.8267,117.6512,119.2117,992473,FINANCIALS
BAC,2024-07-16T16:00:00Z,106.3386,106.704,105.3654,105.7287,1266554,FINANCIALS
XOM,2024-07-16T16:00:00Z,154.1528,155.4229,152.3995,153.6656,1181091,ENERGY
CVX,2024-07-16T16:00:00Z,159.9988,160.2417,157.2728,157.5119,1560851,ENERGY
KO,2024-07-16T16:00:00Z,190.6792,193.2761,190.5131,193.1079,788271,STAPLES
PG,2024-07-16T16:00:00Z,216.155,220.4377,214.8852,219.1503,970216,STAPLES
AAPL,2024-07-17T16:00:00Z,41.972,42.2058,40.8528,41.0816,1034765,TECH
MSFT,2024-07-17T16:00:00Z,46.6001,46.643,45.8295,45.8719,1196374,TECH
NVDA,2024-07-17T16:00:00Z,64.0662,64.1215,63.2571,63.3118,1514254,TECH
JPM,2024-07-17T16:00:00Z,81.3783,81.5129,80.5146,80.648,1010245,FINANCIALS
GS,2024-07-17T16:00:00Z,119.226,120.1132,117.1274,118.0056,1128487,FINANCIALS
BAC,2024-07-17T16:00:00Z,105.6976,106.1002,105.4363,105.8386,1330542,FINANCIALS
XOM,2024-07-17T16:00:00Z,153.474,153.8251,149.9052,150.249,1494161,ENERGY
CVX,2024-07-17T16:00:00Z,157.8711,158.3066,155.0669,155.4959,869569,ENERGY
KO,2024-07-17T16:00:00Z,193.1896,194.5912,192.4373,193.8364,1006777,STAPLES
PG,2024-07-17T16:00:00Z,218.5798,221.3478,218.2992,221.064,703851,STAPLES
AAPL,2024-07-18T16:00:00Z,41.0862,41.4406,40.9723,41.326,1124647,TECH
MSFT,2024-07-18T16:00:00Z,45.8153,46.9418,45.6095,46.7319,1034764,TECH
NVDA,2024-07-18T16:00:00Z,63.2952,63.5953,63.2016,63.5013,951759,TECH
JPM,2024-07-18T16:00:00Z,80.5549,81.6677,80.3441,81.4545,1105627,FINANCIALS
GS,2024-07-18T16:00:00Z,118.0108,118.2836,116.3849,116.6546,1121273,FINANCIALS
BAC,2024-07-18T16:00:00Z,105.8007,107.3986,105.6691,107.2651,968646,FINANCIALS
XOM,2024-07-18T16:00:00Z,150.1387,151.128,149.6148,150.6025,1507968,ENERGY
CVX,2024-07-18T16:00:00Z,155.5277,155.8972,154.3076,154.675,1445286,ENERGY
KO,2024-07-18T16:00:00Z,194.3444,194.6339,191.442,191.7276,704819,STAPLES
PG,2024-07-18T16:00:00Z,220.8798,221.2453,219.4902,219.854,1342078,STAPLES
AAPL,2024-07-19T16:00:00Z,41.2163,41.745,41.1968,41.7252,1483096,TECH
MSFT,2024-07-19T16:00:00Z,46.8078,47.1608,46.4917,46.8445,1418420,TECH
NVDA,2024-07-19T16:00:00Z,63.4742,63.6003,62.6795,62.8042,1583627,TECH
JPM,2024-07-19T16:00:00Z,81.3492,81.4389,80.8502,80.9394,1305314,FINANCIALS
GS,2024-07-19T16:00:00Z,116.8125,116.9308,116.4669,116.585,1110643,FINANCIALS
BAC,2024-07-19T16:00:00Z,107.2994,107.6095,106.8811,107.1909,1312199,FINANCIALS
XOM,2024-07-19T16:00:00Z,150.7114,151.2623,147.9516,148.4944,1368912,ENERGY
CVX,2024-07-19T16:00:00Z,154.9718,156.4104,154.9329,156.3712,955000,ENERGY
KO,2024-07-19T16:00:00Z,192.0219,192.2676,191.6862,191.9319,1019684,STAPLES
PG,2024-07-19T16:00:00Z,219.9014,220.6879,219.0621,219.8485,1385310,STAPLES
AAPL,2024-07-22T16:00:00Z,41.6609,41.7924,40.9233,41.0529,841661,TECH
MSFT,2024-07-22T16:00:00Z,46.8426,46.922,45.7782,45.8559,1364297,TECH
NVDA,2024-07-22T16:00:00Z,62.8367,63.1866,59.9394,60.275,952192,TECH
JPM,2024-07-22T16:00:00Z,81.0333,81.4061,79.1241,79.4899,1479694,FINANCIALS
GS,2024-07-22T16:00:00Z,116.4909,118.0716,116.3562,117.9352,1217065,FINANCIALS
BAC,2024-07-22T16:00:00Z,107.1976,107.8973,105.7407,106.4354,1069964,FINANCIALS
XOM,2024-07-22T16:00:00Z,148.6145,148.8924,145.4005,145.6728,1219802,ENERGY
CVX,2024-07-22T16:00:00Z,156.2544,156.6565,152.6019,152.9956,865403,ENERGY
KO,2024-07-22T16:00:00Z,191.7066,192.2347,189.6201,190.1438,1164686,STAPLES
PG,2024-07-22T16:00:00Z,220.1745,220.4472,219.6698,219.9421,760683,STAPLES
AAPL,2024-07-23T16:00:00Z,41.0422,41.2493,40.1211,40.3246,1321677,TECH
MSFT,2024-07-23T16:00:00Z,45.9487,46.178,45.5698,45.7983,833588,TECH
NVDA,2024-07-23T16:00:00Z,60.2944,61.4369,60.0728,61.2119,1014543,TECH
JPM,2024-07-23T16:00:00Z,79.5602,81.6515,79.4758,81.565,1360987,FINANCIALS
GS,2024-07-23T16:00:00Z,118.0124,118.7872,117.5919,118.3655,1199512,FINANCIALS
BAC,2024-07-23T16:00:00Z,106.5054,106.8617,106.3839,106.74,763858,FINANCIALS
XOM,2024-07-23T16:00:00Z,145.9864,146.0243,145.6988,145.7366,1237849,ENERGY
CVX,2024-07-23T16:00:00Z,153.0881,153.6727,150.0422,150.6173,1178708,ENERGY
KO,2024-07-23T16:00:00Z,190.3115,191.8324,189.7406,191.2587,740250,STAPLES
PG,2024-07-23T16:00:00Z,220.1942,222.0985,219.5248,221.4253,1119041,STAPLES
AAPL,2024-07-24T16:00:00Z,40.3748,40.4562,40.2738,40.3552,1468861,TECH
MSFT,2024-07-24T16:00:00Z,45.7046,45.7056,45.6344,45.6354,774460,TECH
NVDA,2024-07-24T16:00:00Z,61.0736,61.5737,60.7945,61.2936,1574807,TECH
JPM,2024-07-24T16:00:00Z,81.55,81.7293,79.5181,79.6933,812756,FINANCIALS
GS,2024-07-24T16:00:00Z,118.199,120.9769,117.8822,120.6536,1195517,FINANCIALS
BAC,2024-07-24T16:00:00Z,106.8699,107.8125,106.7598,107.7016,1260351,FINANCIALS
XOM,2024-07-24T16:00:00Z,146.0174,146.8124,144.723,145.5153,1380466,ENERGY
CVX,2024-07-24T16:00:00Z,150.447,150.4793,148.4868,148.5187,1339925,ENERGY
KO,2024-07-24T16:00:00Z,191.1713,191.9201,188.1977,188.9377,1241186,STAPLES
PG,2024-07-24T16:00:00Z,220.8482,222.2442,218.4418,219.8313,1091085,STAPLES
AAPL,2024-07-25T16:00:00Z,40.2517,40.4231,40.1665,40.3377,1512079,TECH
MSFT,2024-07-25T16:00:00Z,45.5742,45.8219,44.7701,45.0147,909630,TECH
NVDA,2024-07-25T16:00:00Z,61.3909,61.5779,61.0542,61.2407,1055541,TECH
JPM,2024-07-25T16:00:00Z,79.8227,81.1264,79.7236,81.0258,1216085,FINANCIALS
GS,2024-07-25T16:00:00Z,120.4883,120.7611,118.5781,118.8472,1405440,FINANCIALS
BAC,2024-07-25T16:00:00Z,107.6659,107.8554,105.4723,105.6582,1479334,FINANCIALS
XOM,2024-07-25T16:00:00Z,145.4723,146.1502,142.7661,143.4345,1377080,ENERGY
CVX,2024-07-25T16:00:00Z,148.5334,149.7423,147.7225,148.9293,1313699,ENERGY
KO,2024-07-25T16:00:00Z,188.4731,188.8416,186.1939,186.5586,1034911,STAPLES
PG,2024-07-25T16:00:00Z,220.1306,220.369,216.3556,216.5903,961915,STAPLES
AAPL,2024-07-26T16:00:00Z,40.3359,40.5264,39.8372,40.0263,1030485,TECH
MSFT,2024-07-26T16:00:00Z,45.0532,45.1854,45.0058,45.1378,1596240,TECH
NVDA,2024-07-26T16:00:00Z,61.3736,61.7322,61.1207,61.4789,806675,TECH
JPM,2024-07-26T16:00:00Z,81.0122,82.1732,80.6343,81.7916,1162821,FINANCIALS
GS,2024-07-26T16:00:00Z,118.8939,119.2517,116.1696,116.5202,1118228,FINANCIALS
BAC,2024-07-26T16:00:00Z,105.6768,106.0201,104.4076,104.7479,1214852,FINANCIALS
XOM,2024-07-26T16:00:00Z,143.5264,144.611,143.3955,144.4792,1301579,ENERGY
CVX,2024-07-26T16:00:00Z,148.6514,153.4918,147.9735,152.7949,863945,ENERGY
KO,2024-07-26T16:00:00Z,186.6111,188.8916,185.3687,187.6423,1375941,STAPLES
PG,2024-07-26T16:00:00Z,216.1265,219.2552,215.8875,219.013,1008584,STAPLES
AAPL,2024-07-29T16:00:00Z,40.0187,40.168,39.9384,40.0875,1342681,TECH
MSFT,2024-07-29T16:00:00Z,45.1337,45.2138,44.8862,44.966,1072905,TECH
NVDA,2024-07-29T16:00:00Z,61.4411,62.6546,61.1371,62.3461,819245,TECH
JPM,2024-07-29T16:00:00Z,81.7993,81.8026,81.2201,81.2234,1478996,FINANCIALS
GS,2024-07-29T16:00:00Z,116.4837,118.0905,116.3161,117.9209,1004991,FINANCIALS
BAC,2024-07-29T16:00:00Z,104.9737,106.0594,104.9307,106.016,988538,FINANCIALS
XOM,2024-07-29T16:00:00Z,144.405,148.9542,143.8365,148.37,1206556,ENERGY
CVX,2024-07-29T16:00:00Z,152.906,153.3017,150.7887,151.1799,748836,ENERGY
KO,2024-07-29T16:00:00Z,187.4495,187.6506,184.9875,185.1862,1501460,STAPLES
PG,2024-07-29T16:00:00Z,219.4493,220.4935,217.2719,218.3106,744426,STAPLES
AAPL,2024-07-30T16:00:00Z,40.0535,40.1454,39.9396,40.0315,1082675,TECH
MSFT,2024-07-30T16:00:00Z,45.0651,46.3067,44.9985,46.2383,1184075,TECH
NVDA,2024-07-30T16:00:00Z,62.4299,63.0412,62.0905,62.7004,1520723,TECH
JPM,2024-07-30T16:00:00Z,81.0615,81.9964,80.7643,81.6969,787472,FINANCIALS
GS,2024-07-30T16:00:00Z,117.9534,119.2971,117.9253,119.2687,1492596,FINANCIALS
BAC,2024-07-30T16:00:00Z,106.1752,108.6956,105.7209,108.2325,1219199,FINANCIALS
XOM,2024-07-30T16:00:00Z,148.3051,150.6272,147.9927,150.3106,963038,ENERGY
CVX,2024-07-30T16:00:00Z,151.1635,152.5223,150.7929,152.1493,761940,ENERGY
KO,2024-07-30T16:00:00Z,185.1765,186.241,184.8571,185.9203,900634,STAPLES
PG,2024-07-30T16:00:00Z,218.8442,220.4797,218.7399,220.3746,968793,STAPLES
AAPL,2024-07-31T16:00:00Z,40.0578,40.2741,39.1936,39.4064,1036496,TECH
MSFT,2024-07-31T16:00:00Z,46.3166,46.7381,44.791,45.2023,767408,TECH
NVDA,2024-07-31T16:00:00Z,62.6904,63.1023,62.6889,63.1007,1586150,TECH
JPM,2024-07-31T16:00:00Z,81.8685,81.9234,79.0129,79.0658,1185723,FINANCIALS
GS,2024-07-31T16:00:00Z,119.2152,119.3488,117.8442,117.9764,1172272,FINANCIALS
BAC,2024-07-31T16:00:00Z,108.1802,108.3964,107.4415,107.6567,1217582,FINANCIALS
XOM,2024-07-31T16:00:00Z,150.3452,150.8089,148.6549,149.1149,934873,ENERGY
CVX,2024-07-31T16:00:00Z,152.2074,152.8593,150.8289,151.4777,1027975,ENERGY
KO,2024-07-31T16:00:00Z,185.9603,185.9811,183.374,183.3945,1029326,STAPLES
PG,2024-07-31T16:00:00Z,220.0229,221.1514,217.015,218.1338,1121468,STAPLES
AAPL,2024-08-01T16:00:00Z,39.3375,39.4583,38.5044,38.623,1291588,TECH
MSFT,2024-08-01T16:00:00Z,45.2592,45.6076,44.0853,44.4273,1599788,TECH
NVDA,2024-08-01T16:00:00Z,63.0357,63.883,62.7284,63.5731,942065,TECH
JPM,2024-08-01T16:00:00Z,79.1192,79.5061,78.9571,79.3435,1022560,FINANCIALS
GS,2024-08-01T16:00:00Z,118.0816,118.2387,115.6207,115.7748,1228412,FINANCIALS
BAC,2024-08-01T16:00:00Z,107.4625,107.9679,107.0116,107.5168,1081394,FINANCIALS
XOM,2024-08-01T16:00:00Z,149.1224,149.1619,146.4415,146.4802,827504,ENERGY
CVX,2024-08-01T16:00:00Z,151.6038,152.1906,149.5222,150.1032,1190447,ENERGY
KO,2024-08-01T16:00:00Z,183.3254,184.8214,182.7208,184.2139,1238370,STAPLES
PG,2024-08-01T16:00:00Z,218.1367,219.0458,214.2454,215.1421,1566177,STAPLES
AAPL,2024-08-02T16:00:00Z,38.7172,38.8843,38.1459,38.3113,1120377,TECH
MSFT,2024-08-02T16:00:00Z,44.4619,44.7095,44.3376,44.5849,822094,TECH
NVDA,2024-08-02T16:00:00Z,63.476,63.8396,63.3163,63.6793,1091133,TECH
JPM,2024-08-02T16:00:00Z,79.4009,79.6243,78.1451,78.3656,1460103,FINANCIALS
GS,2024-08-02T16:00:00Z,115.6853,115.9264,114.8419,115.0818,1492684,FINANCIALS
BAC,2024-08-02T16:00:00Z,107.4986,107.5222,106.4487,106.4721,972837,FINANCIALS
XOM,2024-08-02T16:00:00Z,146.6509,147.2463,146.4733,147.0682,1566587,ENERGY
CVX,2024-08-02T16:00:00Z,149.969,150.7397,147.6315,148.3941,1515812,ENERGY
KO,2024-08-02T16:00:00Z,184.1954,185.4247,183.7928,185.0203,1439152,STAPLES
PG,2024-08-02T16:00:00Z,215.4532,215.9989,215.442,215.9877,1241634,STAPLES
AAPL,2024-08-05T16:00:00Z,38.3065,38.3201,38.0233,38.0368,1240091,TECH
MSFT,2024-08-05T16:00:00Z,44.5522,44.6298,43.8193,43.8958,1533566,TECH
NVDA,2024-08-05T16:00:00Z,63.6426,63.6668,62.5163,62.5401,1535383,TECH
JPM,2024-08-05T16:00:00Z,78.3186,79.9031,77.3072,78.8844,1427883,FINANCIALS
GS,2024-08-05T16:00:00Z,115.189,116.8304,114.7735,116.4106,1449152,FINANCIALS
BAC,2024-08-05T16:00:00Z,106.7003,107.9589,106.4057,107.6616,1561291,FINANCIALS
XOM,2024-08-05T16:00:00Z,146.965,147.9985,145.3261,146.3553,1168442,ENERGY
CVX,2024-08-05T16:00:00Z,148.7313,150.4678,147.8931,149.6246,830679,ENERGY
KO,2024-08-05T16:00:00Z,185.0352,187.5784,184.9489,187.491,829007,STAPLES
PG,2024-08-05T16:00:00Z,216.0001,216.1016,213.0167,213.1168,1053063,STAPLES
AAPL,2024-08-06T16:00:00Z,38.0616,38.2551,37.8964,38.0897,817775,TECH
MSFT,2024-08-06T16:00:00Z,43.8498,43.9383,42.2909,42.3765,987173,TECH
NVDA,2024-08-06T16:00:00Z,62.532,63.4662,62.5161,63.4501,1435863,TECH
JPM,2024-08-06T16:00:00Z,78.849,79.1124,77.3444,77.6037,1301821,FINANCIALS
GS,2024-08-06T16:00:00Z,116.2507,116.4242,115.8994,116.0726,1111205,FINANCIALS
BAC,2024-08-06T16:00:00Z,107.7673,108.1483,106.5673,106.9454,1281200,FINANCIALS
XOM,2024-08-06T16:00:00Z,146.3901,147.806,145.6936,147.1061,1541178,ENERGY
CVX,2024-08-06T16:00:00Z,149.5523,150.0327,148.1838,148.6613,1593113,ENERGY
KO,2024-08-06T16:00:00Z,187.6115,187.6686,187.3138,187.3708,1074940,STAPLES
PG,2024-08-06T16:00:00Z,212.8774,213.1261,212.0447,212.2927,1442116,STAPLES
AAPL,2024-08-07T16:00:00Z,38.2599,38.2895,37.563,37.5921,1104074,TECH
MSFT,2024-08-07T16:00:00Z,42.4093,42.4385,41.4248,41.4534,1139035,TECH
NVDA,2024-08-07T16:00:00Z,63.4709,63.476,61.7988,61.8038,867181,TECH
JPM,2024-08-07T16:00:00Z,77.7386,78.2739,76.2375,76.7661,720739,FINANCIALS
GS,2024-08-07T16:00:00Z,115.9432,116.1315,112.7109,112.8942,1042234,FINANCIALS
BAC,2024-08-07T16:00:00Z,107.0798,107.8394,106.7987,107.5571,1419468,FINANCIALS
XOM,2024-08-07T16:00:00Z,146.9291,148.6577,146.0569,147.7804,1475110,ENERGY
CVX,2024-08-07T16:00:00Z,148.8033,150.1222,148.6452,149.9629,966293,ENERGY
KO,2024-08-07T16:00:00Z,187.5818,188.5032,187.1916,188.1119,1083162,STAPLES
PG,2024-08-07T16:00:00Z,212.3249,213.1234,208.3883,209.1749,779864,STAPLES
AAPL,2024-08-08T16:00:00Z,37.6074,38.0902,37.4828,37.9644,1134954,TECH
MSFT,2024-08-08T16:00:00Z,41.467,41.5129,40.7303,40.7754,1122229,TECH
NVDA,2024-08-08T16:00:00Z,61.7656,61.9086,61.3975,61.5399,1134485,TECH
JPM,2024-08-08T16:00:00Z,76.8684,77.0603,75.5109,75.6998,1213143,FINANCIALS
GS,2024-08-08T16:00:00Z,112.7193,112.8681,111.9372,112.0852,856435,FINANCIALS
BAC,2024-08-08T16:00:00Z,107.3768,108.4277,107.0971,108.1461,1352290,FINANCIALS
XOM,2024-08-08T16:00:00Z,147.9896,148.1994,147.4496,147.6589,1204104,ENERGY
CVX,2024-08-08T16:00:00Z,150.0976,150.8078,147.983,148.6866,864603,ENERGY
KO,2024-08-08T16:00:00Z,187.8719,188.6664,187.8494,188.6438,1275749,STAPLES
PG,2024-08-08T16:00:00Z,209.1033,213.4363,208.1304,212.4477,1271385,STAPLES
AAPL,2024-08-09T16:00:00Z,37.9112,37.9557,37.8737,37.9182,968508,TECH
MSFT,2024-08-09T16:00:00Z,40.7528,41.0458,40.1296,40.4202,969283,TECH
NVDA,2024-08-09T16:00:00Z,61.6328,61.8876,61.526,61.7805,1267529,TECH
JPM,2024-08-09T16:00:00Z,75.831,75.9143,74.0819,74.1633,1386754,FINANCIALS
GS,2024-08-09T16:00:00Z,112.2319,112.4567,111.2596,111.4829,1248077,FINANCIALS
BAC,2024-08-09T16:00:00Z,108.0493,109.2691,107.4079,108.6243,962297,FINANCIALS
XOM,2024-08-09T16:00:00Z,147.6607,148.0583,146.395,146.7902,1099608,ENERGY
CVX,2024-08-09T16:00:00Z,148.644,148.9262,146.6961,146.9752,979416,ENERGY
KO,2024-08-09T16:00:00Z,188.4663,189.116,185.5226,186.1643,901116,STAPLES
PG,2024-08-09T16:00:00Z,211.9665,212.2916,208.4418,208.7619,1203009,STAPLES
AAPL,2024-08-12T16:00:00Z,37.9454,38.5813,37.8404,38.4749,721522,TECH
MSFT,2024-08-12T16:00:00Z,40.4668,40.5523,40.1438,40.2288,1356801,TECH
NVDA,2024-08-12T16:00:00Z,61.7597,62.9292,61.6626,62.8304,1252883,TECH
JPM,2024-08-12T16:00:00Z,74.0978,74.309,73.8023,74.0132,929624,FINANCIALS
GS,2024-08-12T16:00:00Z,111.4507,113.8875,110.7495,113.1754,1260688,FINANCIALS
BAC,2024-08-12T16:00:00Z,108.7075,108.724,108.5496,108.566,966372,FINANCIALS
XOM,2024-08-12T16:00:00Z,146.5876,146.9405,146.5295,146.8822,1447459,ENERGY
CVX,2024-08-12T16:00:00Z,147.2254,150.0494,146.9798,149.7995,1218651,ENERGY
KO,2024-08-12T16:00:00Z,185.856,186.8683,184.0298,185.0377,913774,STAPLES
PG,2024-08-12T16:00:00Z,208.8821,210.1185,207.278,208.5123,1437485,STAPLES
AAPL,2024-08-13T16:00:00Z,38.4856,38.7684,37.2938,37.57,1111769,TECH
MSFT,2024-08-13T16:00:00Z,40.2348,40.2626,39.5358,39.5631,1304016,TECH
NVDA,2024-08-13T16:00:00Z,62.7985,62.9195,61.8184,61.9378,853431,TECH
JPM,2024-08-13T16:00:00Z,73.9561,74.0181,73.3467,73.4082,813681,FINANCIALS
GS,2024-08-13T16:00:00Z,113.0541,114.646,112.7209,114.3092,1097303,FINANCIALS
BAC,2024-08-13T16:00:00Z,108.4509,108.8214,107.7999,108.1693,1515951,FINANCIALS
XOM,2024-08-13T16:00:00Z,147.042,147.4741,145.84,146.2699,1375248,ENERGY
CVX,2024-08-13T16:00:00Z,149.561,150.1291,149.1791,149.7467,1462766,ENERGY
KO,2024-08-13T16:00:00Z,184.8489,185.7332,178.5342,179.3924,769503,STAPLES
PG,2024-08-13T16:00:00Z,208.3187,208.6305,207.1387,207.4491,1449939,STAPLES
AAPL,2024-08-14T16:00:00Z,37.64,37.7809,37.0833,37.2226,1517484,TECH
MSFT,2024-08-14T16:00:00Z,39.5047,39.5821,39.3666,39.444,994339,TECH
NVDA,2024-08-14T16:00:00Z,62.0276,62.2891,60.6698,60.9266,1209075,TECH
JPM,2024-08-14T16:00:00Z,73.2987,73.7428,71.7273,72.1645,773834,FINANCIALS
GS,2024-08-14T16:00:00Z,114.1665,114.8835,111.9071,112.6143,1344667,FINANCIALS
BAC,2024-08-14T16:00:00Z,108.2425,108.4944,106.8896,107.139,1447750,FINANCIALS
XOM,2024-08-14T16:00:00Z,146.3525,146.5855,143.9081,144.1376,1530103,ENERGY
CVX,2024-08-14T16:00:00Z,149.8932,152.1081,149.7104,151.9228,841919,ENERGY
KO,2024-08-14T16:00:00Z,179.3581,182.0287,178.6808,181.3439,1031303,STAPLES
PG,2024-08-14T16:00:00Z,206.9797,207.5699,205.3801,205.9675,1586784,STAPLES
AAPL,2024-08-15T16:00:00Z,37.1943,37.3625,37.1162,37.2842,1050923,TECH
MSFT,2024-08-15T16:00:00Z,39.4093,39.5134,39.3199,39.424,806240,TECH
NVDA,2024-08-15T16:00:00Z,60.8832,61.2728,60.4685,60.8581,1388108,TECH
JPM,2024-08-15T16:00:00Z,72.1449,72.2959,71.1664,71.3156,1372030,FINANCIALS
GS,2024-08-15T16:00:00Z,112.6966,113.0122,111.9902,112.3047,1489195,FINANCIALS
BAC,2024-08-15T16:00:00Z,107.4029,108.6249,107.116,108.3355,891469,FINANCIALS
XOM,2024-08-15T16:00:00Z,143.8678,144.5873,143.7299,144.4489,1482949,ENERGY
CVX,2024-08-15T16:00:00Z,151.7813,152.3182,151.7448,152.2815,808820,ENERGY
KO,2024-08-15T16:00:00Z,181.9303,182.2802,181.6284,181.9782,985985,STAPLES
PG,2024-08-15T16:00:00Z,205.7064,206.0012,202.5436,202.8343,763400,STAPLES
AAPL,2024-08-16T16:00:00Z,37.2166,37.6848,37.0834,37.5504,964541,TECH
MSFT,2024-08-16T16:00:00Z,39.3908,39.9954,39.2218,39.8246,1550912,TECH
NVDA,2024-08-16T16:00:00Z,60.8378,61.7814,60.342,61.282,1046707,TECH
JPM,2024-08-16T16:00:00Z,71.2183,72.4458,71.092,72.3176,706505,FINANCIALS
GS,2024-08-16T16:00:00Z,112.4906,113.592,111.8892,112.988,977783,FINANCIALS
BAC,2024-08-16T16:00:00Z,108.3806,109.6354,108.3287,109.5829,984947,FINANCIALS
XOM,2024-08-16T16:00:00Z,144.6698,146.7365,143.9994,146.0597,1467282,ENERGY
CVX,2024-08-16T16:00:00Z,152.0041,152.4307,150.7987,151.223,896643,ENERGY
KO,2024-08-16T16:00:00Z,182.339,183.1729,181.0847,181.9167,841806,STAPLES
PG,2024-08-16T16:00:00Z,203.0203,204.1063,202.2086,203.2935,1086268,STAPLES
AAPL,2024-08-19T16:00:00Z,37.6208,37.7626,37.4394,37.581,875765,TECH
MSFT,2024-08-19T16:00:00Z,39.8139,39.8594,39.8018,39.8473,729528,TECH
NVDA,2024-08-19T16:00:00Z,61.3133,62.3446,61.2517,62.282,1434488,TECH
JPM,2024-08-19T16:00:00Z,72.4085,73.3154,72.1289,73.0334,1170147,FINANCIALS
GS,2024-08-19T16:00:00Z,112.8413,115.6669,112.7845,115.6086,735099,FINANCIALS
BAC,2024-08-19T16:00:00Z,109.6128,111.7738,109.6046,111.7655,1319268,FINANCIALS
XOM,2024-08-19T16:00:00Z,146.0393,149.8573,145.8567,149.6701,706319,ENERGY
CVX,2024-08-19T16:00:00Z,151.0932,156.6482,150.8231,156.3687,878052,ENERGY
KO,2024-08-19T16:00:00Z,182.0346,182.166,181.0357,181.1665,1278569,STAPLES
PG,2024-08-19T16:00:00Z,203.3339,203.571,201.4087,201.6439,932411,STAPLES
AAPL,2024-08-20T16:00:00Z,37.6165,38.2369,37.5045,38.1235,827764,TECH
MSFT,2024-08-20T16:00:00Z,39.8077,40.2694,39.6507,40.1112,1529257,TECH
NVDA,2024-08-20T16:00:00Z,62.1899,63.5937,62.1016,63.5035,1151807,TECH
JPM,2024-08-20T16:00:00Z,73.0901,74.5704,72.3834,73.8563,1204971,FINANCIALS
GS,2024-08-20T16:00:00Z,115.5383,117.5944,114.8067,116.8545,1351163,FINANCIALS
BAC,2024-08-20T16:00:00Z,111.7928,112.5204,111.3105,112.0371,889383,FINANCIALS
XOM,2024-08-20T16:00:00Z,149.7727,150.5601,149.5336,150.3202,1373022,ENERGY
CVX,2024-08-20T16:00:00Z,156.2754,160.6005,155.6606,159.9712,1192164,ENERGY
KO,2024-08-20T16:00:00Z,181.1316,185.2969,180.9477,185.109,1326042,STAPLES
PG,2024-08-20T16:00:00Z,201.6569,202.3004,199.123,199.7605,1210206,STAPLES
AAPL,2024-08-21T16:00:00Z,38.1305,38.2836,38.0545,38.2074,1356687,TECH
MSFT,2024-08-21T16:00:00Z,40.0382,40.7328,39.976,40.6697,1249791,TECH
NVDA,2024-08-21T16:00:00Z,63.4149,63.7832,62.2492,62.6127,976439,TECH
JPM,2024-08-21T16:00:00Z,73.8721,74.6108,73.4362,74.1731,1064529,FINANCIALS
GS,2024-08-21T16:00:00Z,116.8282,117.659,115.8995,116.7296,1423566,FINANCIALS
BAC,2024-08-21T16:00:00Z,112.2627,112.3771,111.3414,111.4549,701353,FINANCIALS
XOM,2024-08-21T16:00:00Z,149.8725,154.0062,148.5784,152.6878,740805,ENERGY
CVX,2024-08-21T16:00:00Z,160.0434,160.9338,157.4073,158.2879,773135,ENERGY
KO,2024-08-21T16:00:00Z,185.4096,185.7142,182.3064,182.6064,1373023,STAPLES
PG,2024-08-21T16:00:00Z,199.4666,203.1022,197.9437,201.5633,1127096,STAPLES
AAPL,2024-08-22T16:00:00Z,38.1388,38.8173,38.1301,38.8085,1057040,TECH
MSFT,2024-08-22T16:00:00Z,40.7259,40.9907,40.5775,40.8418,1389584,TECH
NVDA,2024-08-22T16:00:00Z,62.5953,62.7647,61.9651,62.1333,1092093,TECH
JPM,2024-08-22T16:00:00Z,74.192,74.8266,73.1304,73.7614,1470229,FINANCIALS
GS,2024-08-22T16:00:00Z,116.8422,117.8356,116.2996,117.2909,882229,FINANCIALS
BAC,2024-08-22T16:00:00Z,111.3747,112.9274,110.7777,112.3252,1337137,FINANCIALS
XOM,2024-08-22T16:00:00Z,152.9169,153.8083,151.0508,151.9365,1091967,ENERGY
CVX,2024-08-22T16:00:00Z,158.2629,158.6009,156.2449,156.5794,1452773,ENERGY
KO,2024-08-22T16:00:00Z,182.3465,183.2622,181.9205,182.835,872729,STAPLES
PG,2024-08-22T16:00:00Z,201.6906,202.5911,200.1563,201.054,1596546,STAPLES
AAPL,2024-08-23T16:00:00Z,38.7372,38.7845,38.2803,38.327,1306319,TECH
MSFT,2024-08-23T16:00:00Z,40.7982,41.1231,40.5624,40.8869,866553,TECH
NVDA,2024-08-23T16:00:00Z,62.1223,62.4955,60.9099,61.2781,1238290,TECH
JPM,2024-08-23T16:00:00Z,73.6687,73.9251,73.6006,73.8569,823733,FINANCIALS
GS,2024-08-23T16:00:00Z,117.3756,117.5517,117.1033,117.2793,1147710,FINANCIALS
BAC,2024-08-23T16:00:00Z,112.3189,115.0844,112.3106,115.0759,952544,FINANCIALS
XOM,2024-08-23T16:00:00Z,151.8203,152.3712,151.4946,152.045,981364,ENERGY
CVX,2024-08-23T16:00:00Z,156.6156,159.7549,156.3742,159.5091,1272290,ENERGY
KO,2024-08-23T16:00:00Z,182.7201,184.7406,182.3673,184.3846,1397793,STAPLES
PG,2024-08-23T16:00:00Z,200.8408,203.0572,200.587,202.801,1236113,STAPLES
AAPL,2024-08-26T16:00:00Z,38.2813,38.6526,38.1592,38.5297,1454606,TECH
MSFT,2024-08-26T16:00:00Z,40.841,41.0314,40.6406,40.8309,1423920,TECH
NVDA,2024-08-26T16:00:00Z,61.3061,61.5703,61.213,61.4769,713813,TECH
JPM,2024-08-26T16:00:00Z,73.896,74.0586,71.3165,71.4738,954974,FINANCIALS
GS,2024-08-26T16:00:00Z,117.2752,117.3668,117.0018,117.0933,1146812,FINANCIALS
BAC,2024-08-26T16:00:00Z,114.9303,115.2023,113.6922,113.9619,1315744,FINANCIALS
XOM,2024-08-26T16:00:00Z,151.8736,152.8266,147.5296,148.4611,1076959,ENERGY
CVX,2024-08-26T16:00:00Z,159.7846,160.5354,159.624,160.3741,1407465,ENERGY
KO,2024-08-26T16:00:00Z,184.4286,184.4508,183.7387,183.7608,1227050,STAPLES
PG,2024-08-26T16:00:00Z,202.5305,203.7032,202.3922,203.5641,1301856,STAPLES
AAPL,2024-08-27T16:00:00Z,38.6341,38.6517,37.5512,37.5683,1367857,TECH
MSFT,2024-08-27T16:00:00Z,40.7729,40.8442,39.7641,39.8339,1028665,TECH
NVDA,2024-08-27T16:00:00Z,61.5395,61.8883,59.5768,59.9164,1012277,TECH
JPM,2024-08-27T16:00:00Z,71.4572,71.7476,69.7457,70.0303,1492935,FINANCIALS
GS,2024-08-27T16:00:00Z,117.0817,117.5053,114.915,115.3322,1134850,FINANCIALS
BAC,2024-08-27T16:00:00Z,114.1282,114.7449,112.6883,113.3005,1011555,FINANCIALS
XOM,2024-08-27T16:00:00Z,148.1405,148.4799,142.8063,143.1342,905875,ENERGY
CVX,2024-08-27T16:00:00Z,160.5174,161.5793,160.4981,161.5599,917000,ENERGY
KO,2024-08-27T16:00:00Z,183.6838,183.7804,181.9646,182.0604,1527882,STAPLES
PG,2024-08-27T16:00:00Z,203.7237,204.2674,202.7919,203.3345,792407,STAPLES
AAPL,2024-08-28T16:00:00Z,37.676,37.7429,36.886,36.9516,1012771,TECH
MSFT,2024-08-28T16:00:00Z,39.8694,39.9541,39.1648,39.2482,1324041,TECH
NVDA,2024-08-28T16:00:00Z,59.8048,60.1241,58.255,58.5678,1270470,TECH
JPM,2024-08-28T16:00:00Z,69.8528,70.0338,67.5609,67.7364,1308541,FINANCIALS
GS,2024-08-28T16:00:00Z,115.3305,115.626,112.8021,113.0919,1037196,FINANCIALS
BAC,2024-08-28T16:00:00Z,113.1211,113.4554,110.6246,110.9525,1535450,FINANCIALS
XOM,2024-08-28T16:00:00Z,143.0705,144.0642,138.6547,139.6245,1317772,ENERGY
CVX,2024-08-28T16:00:00Z,161.6008,162.1072,158.9979,159.4978,1217539,ENERGY
KO,2024-08-28T16:00:00Z,182.2443,182.7078,181.8731,182.3364,1331368,STAPLES
PG,2024-08-28T16:00:00Z,203.252,204.8108,203.1335,204.6914,1438467,STAPLES
AAPL,2024-08-29T16:00:00Z,36.9493,37.1859,36.8076,37.0438,1128514,TECH
MSFT,2024-08-29T16:00:00Z,39.3699,39.4338,38.8969,38.9601,1096562,TECH
NVDA,2024-08-29T16:00:00Z,58.5562,58.8019,57.7899,58.0333,974113,TECH
JPM,2024-08-29T16:00:00Z,67.7407,68.1528,66.7814,67.1901,1037294,FINANCIALS
GS,2024-08-29T16:00:00Z,113.1586,113.9415,112.6299,113.4117,1250946,FINANCIALS
BAC,2024-08-29T16:00:00Z,110.9395,111.1263,110.6786,110.8653,1097316,FINANCIALS
XOM,2024-08-29T16:00:00Z,140.0519,140.4254,139.6628,140.0362,1466778,ENERGY
CVX,2024-08-29T16:00:00Z,159.4161,160.9249,159.2488,160.7563,1439725,ENERGY
KO,2024-08-29T16:00:00Z,182.2677,183.0205,181.8381,182.5902,784898,STAPLES
PG,2024-08-29T16:00:00Z,204.0269,205.4585,203.9344,205.3654,906788,STAPLES
AAPL,2024-08-30T16:00:00Z,37.1094,37.3824,36.8481,37.121,905583,TECH
MSFT,2024-08-30T16:00:00Z,38.9167,39.5382,38.8887,39.5097,1561805,TECH
NVDA,2024-08-30T16:00:00Z,58.0167,58.8548,57.7046,58.5398,1519072,TECH
JPM,2024-08-30T16:00:00Z,67.1381,68.4156,67.0106,68.2859,759621,FINANCIALS
GS,2024-08-30T16:00:00Z,113.3829,114.3959,112.8354,113.8462,919822,FINANCIALS
BAC,2024-08-30T16:00:00Z,110.9734,112.5831,110.7225,112.3291,1099160,FINANCIALS
XOM,2024-08-30T16:00:00Z,139.8459,142.7816,139.5816,142.5123,1467552,ENERGY
CVX,2024-08-30T16:00:00Z,160.4825,164.1746,160.1184,163.8029,1506824,ENERGY
KO,2024-08-30T16:00:00Z,182.4946,185.7139,182.4209,185.639,1423739,STAPLES
PG,2024-08-30T16:00:00Z,205.0853,208.1002,204.2355,207.2415,999533,STAPLES
AAPL,2024-09-02T16:00:00Z,37.1066,37.1862,36.7675,36.8465,1152865,TECH
MSFT,2024-09-02T16:00:00Z,39.569,39.7438,38.159,38.3283,1199177,TECH
NVDA,2024-09-02T16:00:00Z,58.5582,58.9343,58.4288,58.8043,1488658,TECH
JPM,2024-09-02T16:00:00Z,68.2124,68.3252,67.587,67.699,823500,FINANCIALS
GS,2024-09-02T16:00:00Z,113.9357,114.519,113.8908,114.4738,1258816,FINANCIALS
BAC,2024-09-02T16:00:00Z,112.2982,113.0265,111.4442,112.1717,749967,FINANCIALS
XOM,2024-09-02T16:00:00Z,142.3576,142.6699,140.5803,140.8894,954515,ENERGY
CVX,2024-09-02T16:00:00Z,163.526,163.6192,161.1517,161.2436,1358441,ENERGY
KO,2024-09-02T16:00:00Z,185.7248,188.8067,184.8142,187.8855,1258881,STAPLES
PG,2024-09-02T16:00:00Z,207.0931,207.3018,202.7108,202.9153,1492898,STAPLES
AAPL,2024-09-03T16:00:00Z,36.8125,36.892,36.21,36.2884,1067368,TECH
MSFT,2024-09-03T16:00:00Z,38.3142,38.4914,38.28,38.4571,1475394,TECH
NVDA,2024-09-03T16:00:00Z,58.7547,59.2852,58.4284,58.9578,949567,TECH
JPM,2024-09-03T16:00:00Z,67.7301,69.3566,67.2443,68.8628,765417,FINANCIALS
GS,2024-09-03T16:00:00Z,114.5268,114.6919,114.2893,114.4543,1392997,FINANCIALS
BAC,2024-09-03T16:00:00Z,112.2137,112.2702,112.1015,112.158,1321968,FINANCIALS
XOM,2024-09-03T16:00:00Z,140.9573,142.6047,140.4245,142.0677,1116214,ENERGY
CVX,2024-09-03T16:00:00Z,161.3596,162.3863,161.2535,162.2795,797639,ENERGY
KO,2024-09-03T16:00:00Z,188.1131,188.4839,185.3304,185.6964,1307841,STAPLES
PG,2024-09-03T16:00:00Z,202.9882,208.1239,202.3814,207.5035,1361858,STAPLES
AAPL,2024-09-04T16:00:00Z,36.2777,36.8826,36.2489,36.8533,1519813,TECH
MSFT,2024-09-04T16:00:00Z,38.3921,39.3627,38.3812,39.3516,1446203,TECH
NVDA,2024-09-04T16:00:00Z,58.9931,59.2426,58.9894,59.2388,1138245,TECH
JPM,2024-09-04T16:00:00Z,68.8855,68.976,68.7437,68.8342,701013,FINANCIALS
GS,2024-09-04T16:00:00Z,114.4597,115.0934,113.8407,114.4744,827208,FINANCIALS
BAC,2024-09-04T16:00:00Z,112.4622,112.8077,112.1015,112.447,1132461,FINANCIALS
XOM,2024-09-04T16:00:00Z,142.253,146.6577,141.967,146.3635,1130256,ENERGY
CVX,2024-09-04T16:00:00Z,162.3612,164.6163,162.3209,164.5755,1531500,ENERGY
KO,2024-09-04T16:00:00Z,185.3108,185.9275,185.2713,185.8879,1178769,STAPLES
PG,2024-09-04T16:00:00Z,208.1177,208.3578,205.2518,205.4889,809979,STAPLES
AAPL,2024-09-05T16:00:00Z,36.8762,37.0109,36.7187,36.8533,1444239,TECH
MSFT,2024-09-05T16:00:00Z,39.4002,40.1393,39.3523,40.0906,1052500,TECH
NVDA,2024-09-05T16:00:00Z,59.2449,61.1321,59.2337,61.1206,1349359,TECH
JPM,2024-09-05T16:00:00Z,68.7781,70.7913,68.2146,70.2161,1505633,FINANCIALS
GS,2024-09-05T16:00:00Z,114.3488,114.358,113.2758,113.2849,1540555,FINANCIALS
BAC,2024-09-05T16:00:00Z,112.4663,113.1382,112.1527,112.8236,1451605,FINANCIALS
XOM,2024-09-05T16:00:00Z,146.2955,147.7157,146.0915,147.5101,896420,ENERGY
CVX,2024-09-05T16:00:00Z,164.7479,167.4988,163.6471,166.3871,1328930,ENERGY
KO,2024-09-05T16:00:00Z,185.7013,185.9279,185.2274,185.4538,1481131,STAPLES
PG,2024-09-05T16:00:00Z,205.412,206.0836,205.1455,205.8166,870957,STAPLES
AAPL,2024-09-06T16:00:00Z,36.7978,36.9401,36.3715,36.5127,853861,TECH
MSFT,2024-09-06T16:00:00Z,40.0669,40.2751,39.7516,39.9592,771520,TECH
NVDA,2024-09-06T16:00:00Z,61.1754,61.2333,59.9057,59.9624,1360236,TECH
JPM,2024-09-06T16:00:00Z,70.0729,70.5346,69.3174,69.7772,1590238,FINANCIALS
GS,2024-09-06T16:00:00Z,113.3075,115.0041,112.85,114.5416,1541929,FINANCIALS
BAC,2024-09-06T16:00:00Z,112.7452,113.6886,112.1826,113.1242,736687,FINANCIALS
XOM,2024-09-06T16:00:00Z,147.8226,148.4421,146.9664,147.5849,829375,ENERGY
CVX,2024-09-06T16:00:00Z,166.5723,166.9389,165.4173,165.7822,1155334,ENERGY
KO,2024-09-06T16:00:00Z,186.0525,187.053,185.3521,186.3515,1006603,STAPLES
PG,2024-09-06T16:00:00Z,206.197,206.7678,203.4123,203.977,1120586,STAPLES
AAPL,2024-09-09T16:00:00Z,36.479,36.7811,36.4415,36.7434,1415042,TECH
MSFT,2024-09-09T16:00:00Z,39.9899,40.1463,39.8421,39.9985,1204387,TECH
NVDA,2024-09-09T16:00:00Z,59.9404,60.0016,59.2526,59.3132,1446058,TECH
JPM,2024-09-09T16:00:00Z,69.8623,71.1715,69.5531,70.8579,1120716,FINANCIALS
GS,2024-09-09T16:00:00Z,114.2475,116.0365,114.1372,115.9246,1286023,FINANCIALS
BAC,2024-09-09T16:00:00Z,113.2793,113.4331,112.8507,113.0041,1031971,FINANCIALS
XOM,2024-09-09T16:00:00Z,147.5182,147.9412,146.2921,146.7127,887419,ENERGY
CVX,2024-09-09T16:00:00Z,166.1978,170.8792,165.9938,170.6696,705081,ENERGY
KO,2024-09-09T16:00:00Z,186.1616,188.3231,184.6683,186.8245,1028948,STAPLES
PG,2024-09-09T16:00:00Z,203.9245,204.7761,203.4852,204.336,1315043,STAPLES
AAPL,2024-09-10T16:00:00Z,36.8142,36.837,36.7946,36.8174,1496936,TECH
MSFT,2024-09-10T16:00:00Z,40.0105,40.1741,39.764,39.9272,1235131,TECH
NVDA,2024-09-10T16:00:00Z,59.2574,59.7651,58.9617,59.4684,1128658,TECH
JPM,2024-09-10T16:00:00Z,70.9283,72.7256,70.4965,72.2856,885490,FINANCIALS
GS,2024-09-10T16:00:00Z,116.0815,118.0599,115.3578,117.3285,747339,FINANCIALS
BAC,2024-09-10T16:00:00Z,112.7478,113.915,112.5956,113.7615,1545955,FINANCIALS
XOM,2024-09-10T16:00:00Z,146.5649,146.7907,145.9483,146.1735,1501325,ENERGY
CVX,2024-09-10T16:00:00Z,170.5699,175.769,170.3232,175.5152,1037986,ENERGY
KO,2024-09-10T16:00:00Z,186.8188,186.8274,186.5579,186.5666,1257004,STAPLES
PG,2024-09-10T16:00:00Z,204.4571,210.7652,204.1346,210.4332,1087774,STAPLES
AAPL,2024-09-11T16:00:00Z,36.8045,36.9653,36.5637,36.7242,854161,TECH
MSFT,2024-09-11T16:00:00Z,39.9179,39.9877,39.5988,39.6681,1585898,TECH
NVDA,2024-09-11T16:00:00Z,59.5315,59.5959,58.9041,58.9679,1421102,TECH
JPM,2024-09-11T16:00:00Z,72.3042,72.3961,71.5594,71.6504,1049150,FINANCIALS
GS,2024-09-11T16:00:00Z,117.3684,118.5951,116.8648,118.0884,1511666,FINANCIALS
BAC,2024-09-11T16:00:00Z,113.6743,116.2577,113.5966,116.1782,813695,FINANCIALS
XOM,2024-09-11T16:00:00Z,146.2836,147.3449,145.7412,146.8005,1190336,ENERGY
CVX,2024-09-11T16:00:00Z,175.3657,175.6876,174.2935,174.6139,1454944,ENERGY
KO,2024-09-11T16:00:00Z,186.6951,187.2073,184.5078,185.0154,1130802,STAPLES
PG,2024-09-11T16:00:00Z,210.465,211.3833,207.6316,208.5415,1321345,STAPLES
AAPL,2024-09-12T16:00:00Z,36.7886,36.797,35.8669,35.8751,950239,TECH
MSFT,2024-09-12T16:00:00Z,39.685,39.7418,38.5212,38.5763,1364567,TECH
NVDA,2024-09-12T16:00:00Z,58.8439,59.0408,57.4384,57.6313,1465019,TECH
JPM,2024-09-12T16:00:00Z,71.8059,72.0093,71.3691,71.5718,1391570,FINANCIALS
GS,2024-09-12T16:00:00Z,117.9934,118.0391,117.8283,117.8739,763203,FINANCIALS
BAC,2024-09-12T16:00:00Z,116.2242,116.3139,114.6479,114.7364,944377,FINANCIALS
XOM,2024-09-12T16:00:00Z,147.0838,147.6805,146.2056,146.8012,1348289,ENERGY
CVX,2024-09-12T16:00:00Z,174.6413,174.8121,171.8567,172.0249,1504425,ENERGY
KO,2024-09-12T16:00:00Z,185.1281,185.5817,183.509,183.9598,771036,STAPLES
PG,2024-09-12T16:00:00Z,208.2584,209.0059,207.9396,208.6864,1040364,STAPLES
AAPL,2024-09-13T16:00:00Z,35.9322,36.1191,35.9199,36.1067,803133,TECH
MSFT,2024-09-13T16:00:00Z,38.5848,38.8799,38.429,38.7236,775675,TECH
NVDA,2024-09-13T16:00:00Z,57.6774,58.9851,57.4928,58.797,1365920,TECH
JPM,2024-09-13T16:00:00Z,71.6208,71.6459,71.6091,71.6342,1303485,FINANCIALS
GS,2024-09-13T16:00:00Z,118.031,120.2089,117.1434,119.3118,931065,FINANCIALS
BAC,2024-09-13T16:00:00Z,114.7931,115.3811,114.7456,115.3333,1514243,FINANCIALS
XOM,2024-09-13T16:00:00Z,146.8097,148.4971,146.7574,148.4442,1428272,ENERGY
CVX,2024-09-13T16:00:00Z,172.03,174.5821,171.9373,174.4881,1127695,ENERGY
KO,2024-09-13T16:00:00Z,183.7911,184.8077,183.3659,184.3812,1398699,STAPLES
PG,2024-09-13T16:00:00Z,209.1858,209.2004,207.9941,208.0086,1332993,STAPLES
AAPL,2024-09-16T16:00:00Z,36.1194,36.345,36.0304,36.2557,1224479,TECH
MSFT,2024-09-16T16:00:00Z,38.6882,38.7218,38.6132,38.6468,1131338,TECH
NVDA,2024-09-16T16:00:00Z,58.8465,59.2244,57.8281,58.202,707569,TECH
JPM,2024-09-16T16:00:00Z,71.8099,72.4849,70.9376,71.6107,1018014,FINANCIALS
GS,2024-09-16T16:00:00Z,119.2793,119.7372,118.1844,118.6399,1178926,FINANCIALS
BAC,2024-09-16T16:00:00Z,115.4699,116.2208,112.8225,113.561,739823,FINANCIALS
XOM,2024-09-16T16:00:00Z,148.4433,148.746,147.4442,147.7456,1352970,ENERGY
CVX,2024-09-16T16:00:00Z,174.7708,175.6867,173.9321,174.8476,976528,ENERGY
KO,2024-09-16T16:00:00Z,184.3647,184.3945,183.4807,183.5103,921308,STAPLES
PG,2024-09-16T16:00:00Z,207.8663,210.9665,207.0914,210.183,1286850,STAPLES
AAPL,2024-09-17T16:00:00Z,36.2827,36.6379,36.0789,36.4332,1165805,TECH
MSFT,2024-09-17T16:00:00Z,38.6981,38.8433,38.395,38.5396,1176816,TECH
NVDA,2024-09-17T16:00:00Z,58.1163,59.6344,57.8416,59.3538,705126,TECH
JPM,2024-09-17T16:00:00Z,71.6115,71.7335,71.2609,71.3826,1503611,FINANCIALS
GS,2024-09-17T16:00:00Z,118.7226,119.41,118.675,119.3622,1500122,FINANCIALS
BAC,2024-09-17T16:00:00Z,113.7962,114.2592,113.3558,113.8187,886326,FINANCIALS
XOM,2024-09-17T16:00:00Z,147.6588,148.6588,147.5041,148.5032,1484426,ENERGY
CVX,2024-09-17T16:00:00Z,174.9946,175.0441,173.5065,173.5557,878568,ENERGY
KO,2024-09-17T16:00:00Z,183.3784,186.149,182.4385,185.1998,1402517,STAPLES
PG,2024-09-17T16:00:00Z,209.9836,211.6346,207.1174,208.7589,1070035,STAPLES
AAPL,2024-09-18T16:00:00Z,36.4303,36.8814,36.2909,36.7408,1532507,TECH
MSFT,2024-09-18T16:00:00Z,38.5273,38.8897,38.4578,38.8196,1082764,TECH
NVDA,2024-09-18T16:00:00Z,59.4688,59.7295,58.9922,59.252,763884,TECH
JPM,2024-09-18T16:00:00Z,71.4036,74.289,71.1648,74.0413,729846,FINANCIALS
GS,2024-09-18T16:00:00Z,119.4208,119.8472,119.105,119.5312,1253872,FINANCIALS
BAC,2024-09-18T16:00:00Z,114.0015,114.5635,113.5913,114.1527,806321,FINANCIALS
XOM,2024-09-18T16:00:00Z,148.3697,152.4498,148.2563,152.3333,862722,ENERGY
CVX,2024-09-18T16:00:00Z,173.6432,174.7793,173.495,174.6303,1163141,ENERGY
KO,2024-09-18T16:00:00Z,185.4694,186.2433,184.9902,185.7634,1068561,STAPLES
PG,2024-09-18T16:00:00Z,208.7621,211.0091,208.1163,210.3583,1292601,STAPLES
AAPL,2024-09-19T16:00:00Z,36.7376,36.9978,35.7965,36.0518,1276193,TECH
MSFT,2024-09-19T16:00:00Z,38.8012,38.854,38.2245,38.2766,764039,TECH
NVDA,2024-09-19T16:00:00Z,59.208,59.7384,59.1989,59.7292,1029347,TECH
JPM,2024-09-19T16:00:00Z,73.8985,75.0519,73.3758,74.5247,1044287,FINANCIALS
GS,2024-09-19T16:00:00Z,119.4942,121.5696,118.8706,120.9385,966244,FINANCIALS
BAC,2024-09-19T16:00:00Z,114.2283,115.8016,114.0229,115.5938,1016854,FINANCIALS
XOM,2024-09-19T16:00:00Z,152.229,156.6923,151.2131,155.6535,1353122,ENERGY
CVX,2024-09-19T16:00:00Z,174.737,175.6942,173.9216,174.8781,1082442,ENERGY
KO,2024-09-19T16:00:00Z,185.7492,186.372,185.5067,186.129,1201160,STAPLES
PG,2024-09-19T16:00:00Z,210.0795,210.2648,208.4063,208.5903,782361,STAPLES
AAPL,2024-09-20T16:00:00Z,36.074,36.1917,35.2163,35.3315,1104177,TECH
MSFT,2024-09-20T16:00:00Z,38.2697,38.5215,37.5773,37.8262,1076200,TECH
NVDA,2024-09-20T16:00:00Z,59.6878,59.7881,59.3361,59.436,1551887,TECH
JPM,2024-09-20T16:00:00Z,74.5232,74.6841,73.4924,73.6514,740767,FINANCIALS
GS,2024-09-20T16:00:00Z,120.7895,121.4183,119.8904,120.5178,994698,FINANCIALS
BAC,2024-09-20T16:00:00Z,115.6795,116.7226,115.4457,116.4872,1312267,FINANCIALS
XOM,2024-09-20T16:00:00Z,155.8292,155.8856,154.4979,154.5539,1403003,ENERGY
CVX,2024-09-20T16:00:00Z,174.9838,175.681,168.0231,168.6953,997243,ENERGY
KO,2024-09-20T16:00:00Z,185.9939,186.3876,185.7735,186.1671,1451686,STAPLES
PG,2024-09-20T16:00:00Z,208.6497,209.3434,204.7273,205.4102,1364637,STAPLES
AAPL,2024-09-23T16:00:00Z,35.2831,35.3962,35.0857,35.1985,1078212,TECH
MSFT,2024-09-23T16:00:00Z,37.806,37.985,37.28,37.4574,1037739,TECH
NVDA,2024-09-23T16:00:00Z,59.4268,59.5471,58.7067,58.8257,1178472,TECH
JPM,2024-09-23T16:00:00Z,73.523,74.7712,73.1228,74.3664,1557508,FINANCIALS
GS,2024-09-23T16:00:00Z,120.3418,121.1672,119.5781,120.4031,710936,FINANCIALS
BAC,2024-09-23T16:00:00Z,116.3069,116.9749,115.8727,116.54,875664,FINANCIALS
XOM,2024-09-23T16:00:00Z,154.2986,156.7326,153.8232,156.2512,1017876,ENERGY
CVX,2024-09-23T16:00:00Z,168.8114,170.1835,168.6102,169.981,1127964,ENERGY
KO,2024-09-23T16:00:00Z,186.0706,188.3895,186.0287,188.3471,1200779,STAPLES
PG,2024-09-23T16:00:00Z,205.4694,205.9568,205.4216,205.9089,1433033,STAPLES
AAPL,2024-09-24T16:00:00Z,35.2003,35.3446,35.0885,35.2328,764075,TECH
MSFT,2024-09-24T16:00:00Z,37.427,37.986,37.3111,37.8687,1473859,TECH
NVDA,2024-09-24T16:00:00Z,58.9954,59.0311,58.1587,58.1939,1363883,TECH
JPM,2024-09-24T16:00:00Z,74.4002,75.0278,74.1199,74.7461,763003,FINANCIALS
GS,2024-09-24T16:00:00Z,120.3101,120.9194,117.7354,118.3347,890288,FINANCIALS
BAC,2024-09-24T16:00:00Z,116.6227,116.9873,114.7,115.0597,790399,FINANCIALS
XOM,2024-09-24T16:00:00Z,156.4675,159.4154,156.2235,159.1673,1566281,ENERGY
CVX,2024-09-24T16:00:00Z,169.7353,170.3658,167.8941,168.5201,1372049,ENERGY
KO,2024-09-24T16:00:00Z,188.2358,189.0066,188.1572,188.9277,1360069,STAPLES
PG,2024-09-24T16:00:00Z,205.705,207.6543,205.5128,207.4605,1478078,STAPLES
AAPL,2024-09-25T16:00:00Z,35.2333,35.3915,35.2044,35.3625,1559708,TECH
MSFT,2024-09-25T16:00:00Z,37.8322,37.8738,37.7414,37.783,1364481,TECH
NVDA,2024-09-25T16:00:00Z,58.006,58.3368,57.439,57.7684,719495,TECH
JPM,2024-09-25T16:00:00Z,74.7007,77.184,74.2836,76.7554,1130628,FINANCIALS
GS,2024-09-25T16:00:00Z,118.5739,118.9862,117.0858,117.4942,788630,FINANCIALS
BAC,2024-09-25T16:00:00Z,115.1157,115.4398,114.9103,115.2341,801372,FINANCIALS
XOM,2024-09-25T16:00:00Z,159.4644,159.9572,156.6967,157.1826,1401640,ENERGY
CVX,2024-09-25T16:00:00Z,168.5208,170.8555,167.848,170.176,885338,ENERGY
KO,2024-09-25T16:00:00Z,189.4981,190.4528,188.343,189.2967,892380,STAPLES
PG,2024-09-25T16:00:00Z,207.7356,209.2853,207.2222,208.7694,840008,STAPLES
AAPL,2024-09-26T16:00:00Z,35.3316,35.5622,35.2859,35.5163,939645,TECH
MSFT,2024-09-26T16:00:00Z,37.8007,37.9948,37.7295,37.9234,1409370,TECH
NVDA,2024-09-26T16:00:00Z,57.7431,58.0831,57.6876,58.0274,1538453,TECH
JPM,2024-09-26T16:00:00Z,76.8515,77.4178,76.6558,77.2212,1069817,FINANCIALS
GS,2024-09-26T16:00:00Z,117.4908,118.0744,117.2988,117.8818,1540354,FINANCIALS
BAC,2024-09-26T16:00:00Z,115.1568,116.334,112.8482,114.0138,826337,FINANCIALS
XOM,2024-09-26T16:00:00Z,157.2719,161.9593,157.0034,161.6833,1229428,ENERGY
CVX,2024-09-26T16:00:00Z,170.1174,170.9708,168.6123,169.4624,1428453,ENERGY
KO,2024-09-26T16:00:00Z,189.3524,190.6612,188.3819,189.6889,785293,STAPLES
PG,2024-09-26T16:00:00Z,208.6473,208.9661,206.0198,206.3351,768189,STAPLES
AAPL,2024-09-27T16:00:00Z,35.5253,35.8639,35.2524,35.5906,1098964,TECH
MSFT,2024-09-27T16:00:00Z,37.9044,38.3311,37.8185,38.2444,1422795,TECH
NVDA,2024-09-27T16:00:00Z,58.0952,58.1003,57.1893,57.1943,909587,TECH
JPM,2024-09-27T16:00:00Z,77.3533,78.5029,77.2684,78.4168,1178403,FINANCIALS
GS,2024-09-27T16:00:00Z,117.8548,117.9548,117.5964,117.6963,1229782,FINANCIALS
BAC,2024-09-27T16:00:00Z,113.9991,117.3065,113.589,116.8859,1299167,FINANCIALS
XOM,2024-09-27T16:00:00Z,161.6935,165.0055,161.5694,164.8789,1375002,ENERGY
CVX,2024-09-27T16:00:00Z,169.3062,171.9481,168.388,171.0206,1245673,ENERGY
KO,2024-09-27T16:00:00Z,189.8326,190.9852,189.2181,190.369,1400979,STAPLES
PG,2024-09-27T16:00:00Z,206.7177,207.1073,206.4837,206.8731,1413097,STAPLES
AAPL,2024-09-30T16:00:00Z,35.5857,36.2705,35.4677,36.1506,1269217,TECH
MSFT,2024-09-30T16:00:00Z,38.2494,38.5327,38.1748,38.4577,1546258,TECH
NVDA,2024-09-30T16:00:00Z,57.1978,57.4346,56.4665,56.7013,1098339,TECH
JPM,2024-09-30T16:00:00Z,78.5105,78.6467,76.9894,77.1232,1295991,FINANCIALS
GS,2024-09-30T16:00:00Z,117.5509,118.0588,116.3916,116.8966,1096119,FINANCIALS
BAC,2024-09-30T16:00:00Z,116.9664,119.3282,116.8255,119.1846,1485454,FINANCIALS
XOM,2024-09-30T16:00:00Z,164.7731,165.2459,162.0918,162.5582,1258395,ENERGY
CVX,2024-09-30T16:00:00Z,171.0731,174.945,170.8246,174.6913,748599,ENERGY
KO,2024-09-30T16:00:00Z,190.4303,192.3467,189.6907,191.6025,1403296,STAPLES
PG,2024-09-30T16:00:00Z,206.77,209.6372,206.2695,209.131,1401395,STAPLES
AAPL,2024-10-01T16:00:00Z,36.144,36.9676,36.0737,36.8957,1303866,TECH
MSFT,2024-10-01T16:00:00Z,38.526,38.6173,38.4961,38.5873,971915,TECH
NVDA,2024-10-01T16:00:00Z,56.535,57.624,56.3608,57.447,988622,TECH
JPM,2024-10-01T16:00:00Z,77.1827,78.5702,77.1603,78.5474,751187,FINANCIALS
GS,2024-10-01T16:00:00Z,116.7518,117.3637,116.4905,117.1016,917963,FINANCIALS
BAC,2024-10-01T16:00:00Z,119.0042,119.1826,118.4734,118.6513,1314471,FINANCIALS
XOM,2024-10-01T16:00:00Z,162.5982,162.9537,160.1602,160.5111,1100402,ENERGY
CVX,2024-10-01T16:00:00Z,174.9494,175.5073,171.6128,172.1617,1261026,ENERGY
KO,2024-10-01T16:00:00Z,191.8116,192.1145,189.9941,190.2946,1255438,STAPLES
PG,2024-10-01T16:00:00Z,209.401,210.4763,208.3308,209.406,1347856,STAPLES
AAPL,2024-10-02T16:00:00Z,36.9031,36.9193,36.738,36.7541,970429,TECH
MSFT,2024-10-02T16:00:00Z,38.595,38.7594,37.7076,37.869,1493524,TECH
NVDA,2024-10-02T16:00:00Z,57.5369,57.6748,55.2654,55.3981,1158501,TECH
JPM,2024-10-02T16:00:00Z,78.4569,78.5243,77.3044,77.3709,1234437,FINANCIALS
GS,2024-10-02T16:00:00Z,117.1443,117.5106,114.6528,115.0124,1033365,FINANCIALS
BAC,2024-10-02T16:00:00Z,118.612,118.6821,117.2421,117.3113,1260773,FINANCIALS
XOM,2024-10-02T16:00:00Z,160.5936,161.5363,160.2952,161.2367,1240080,ENERGY
CVX,2024-10-02T16:00:00Z,172.1039,172.1444,167.3324,167.3718,1457539,ENERGY
KO,2024-10-02T16:00:00Z,190.6267,191.0711,190.5684,191.0127,722100,STAPLES
PG,2024-10-02T16:00:00Z,209.0113,209.0642,207.8849,207.9375,817381,STAPLES
AAPL,2024-10-03T16:00:00Z,36.7278,36.9721,36.4421,36.6861,762058,TECH
MSFT,2024-10-03T16:00:00Z,37.8976,38.7173,37.7979,38.6157,862044,TECH
NVDA,2024-10-03T16:00:00Z,55.4073,55.5533,55.1758,55.3216,1206832,TECH
JPM,2024-10-03T16:00:00Z,77.5326,78.6512,77.1626,78.2776,935339,FINANCIALS
GS,2024-10-03T16:00:00Z,115.04,116.8437,114.5832,116.3816,1079492,FINANCIALS
BAC,2024-10-03T16:00:00Z,117.2896,117.6253,115.9616,116.2945,1284052,FINANCIALS
XOM,2024-10-03T16:00:00Z,161.0848,161.7434,157.6415,158.2887,1418162,ENERGY
CVX,2024-10-03T16:00:00Z,167.5865,168.4881,166.9169,167.8176,1265619,ENERGY
KO,2024-10-03T16:00:00Z,191.0972,191.9708,190.6326,191.5052,1200894,STAPLES
PG,2024-10-03T16:00:00Z,207.8678,210.7523,206.6963,209.5712,984396,STAPLES
AAPL,2024-10-04T16:00:00Z,36.6843,36.7099,36.6753,36.7009,995795,TECH
MSFT,2024-10-04T16:00:00Z,38.641,38.729,38.468,38.5558,1209258,TECH
NVDA,2024-10-04T16:00:00Z,55.3129,56.2395,55.2287,56.1541,1270998,TECH
JPM,2024-10-04T16:00:00Z,78.3819,80.1285,78.357,80.103,1150392,FINANCIALS
GS,2024-10-04T16:00:00Z,116.371,116.5809,116.0985,116.3083,1063148,FINANCIALS
BAC,2024-10-04T16:00:00Z,116.3141,116.6863,111.7486,112.1074,1351094,FINANCIALS
XOM,2024-10-04T16:00:00Z,158.2862,162.0939,157.109,160.8973,738249,ENERGY
CVX,2024-10-04T16:00:00Z,168.2611,169.0274,162.9215,163.667,860819,ENERGY
KO,2024-10-04T16:00:00Z,191.4751,192.4041,189.3202,190.2433,1295259,STAPLES
PG,2024-10-04T16:00:00Z,209.6333,212.6119,209.0192,211.9909,1550848,STAPLES
AAPL,2024-10-07T16:00:00Z,36.633,37.2561,36.552,37.1739,1516543,TECH
MSFT,2024-10-07T16:00:00Z,38.5079,38.9301,38.4303,38.8518,916353,TECH
NVDA,2024-10-07T16:00:00Z,56.2598,57.2761,56.1082,57.1221,856984,TECH
JPM,2024-10-07T16:00:00Z,80.029,80.3284,78.0634,78.3565,1544119,FINANCIALS
GS,2024-10-07T16:00:00Z,116.2338,116.3562,115.859,115.9812,713838,FINANCIALS
BAC,2024-10-07T16:00:00Z,112.0568,113.3494,111.9627,113.2544,1512953,FINANCIALS
XOM,2024-10-07T16:00:00Z,160.6061,163.8395,160.2099,163.4363,814321,ENERGY
CVX,2024-10-07T16:00:00Z,163.4263,164.0499,163.3269,163.9502,1399460,ENERGY
KO,2024-10-07T16:00:00Z,190.3452,190.9127,187.309,187.8692,1440188,STAPLES
PG,2024-10-07T16:00:00Z,212.2307,212.5601,212.0467,212.3759,958060,STAPLES
